genre:house	5Bu8vbZ9nQlTk2OcCygsQ5	Kamino	Discotech
genre:house	60LZF6cVMHivweSSCVMLJn	Christian Monique	The Rain's Essence - Following Light Remix
genre:house	71R0yDXjhD1BqOeSpGxeHj	Phil Fuldner	Play - Taped Remix
genre:house	5vuUdf2wf0X3hiKSTN7Co0	Low Steppa	Heard It All Before - Extended Mix
genre:house	6ypl3CyuuWbgLRP4PKon2A	Cosmic Gate	The Wave 2.0
genre:house	08GHFHAtGCcDFwIRwBEnKU	Marcus Meinhardt	Bamboo
genre:house	0jBlOUj4djw0Ba3ZZ0EcXv	Dim Angelo	Serbet - Elias Fassos & RisK (GR) Remix
genre:house	4t0m4cBrIYRCqvJrIMHTLo	Cavego	Red Light (feat. Arielle) - Extended Mix
genre:house	1I7vQFRFFHrf5ZrgySdQmv	Brekk	Change the World (feat. Mickey Shiloh)
genre:house	71v4yxPrlEjsjj5mnpfCha	Tony De Vit	Don't Ever Stop - BK Remix - Mix Cut
genre:house	5YigrUIPFjlXwUs3DxHiBw	Moon Boots	Red Sky - Original Mix
genre:house	7hCQDnpOW3os187rotKA24	Joi Cardwell	You Got to Pray
genre:house	73EnlZPZiVZkgGmRPaC1EW	Steve Lawler	Kaleidoscope (Mixed)
genre:house	2rOIBkQwRg6oY30leuYXVp	Alex Gopher	You, My Baby And I
genre:house	1tJUycZIPuYwWFNtWnaqJh	Ambiente	Viento De Medianoche
genre:house	2LKq7S0EWP92REKGZIsa4s	Rico Bernasconi	Girls - Max Farenthide Club Remix
genre:house	6otMqBmdJD8V7rAUnLMs1D	spüke	Emanate
genre:house	03y9GKkvIjFDmFWOIOUT5q	Discoslap	Some Noise
genre:house	0Rac3tDVayJf5E518DrjZ0	Lounge Café	Coffee Corner
genre:house	2C2ZV7SbAyEwGtdMp8R4gS	The Glitz	Last Panther - Mihalis Safras Remix
genre:house	1eagP8UPNSJ6uRce0Lm7Z4	The Potbelleez	Can't Live Without
genre:house	2wYVRqMKeOBLoU67wQA3hX	Armin van Buuren	A State Of Trance (ASOT 1081) - Shout Outs
genre:house	4H2akqrtHx4Y30PnoaCEV6	Cool Keedz	Falling in Love
genre:house	5pIWtaTGBLJiHj3eumboXH	Kevin Andrews	Give It to Me
genre:house	7smBO2LY9sk8kdRktEGg2P	Peter Brown	Save the Drums - Original Mix
genre:house	7LIQP9p1Qw1OAIavxcUaMF	Jupiter	Celsius
genre:house	5GdNhoQyKJQKGEIDxDY6gO	Lxury	Spin
genre:house	0HugQR2vmSALpb6kkFPGF9	Wheats	Freak - Extended Mix
genre:house	7pRabKDkjxHGgSTxuFmAy6	Hardwell	Spaceman - Carnage Festival Trap Remix
genre:house	2YuMRr9y9I36cUAzDYLz0C	Bob Sinclar	World, Hold On - DJ Kone & Marc Palacios Remix
genre:house	72PPC8XsRtSHFjb4RsbJVk	Alexander Zabbi	Sed de ti - Original Mix
genre:house	5prTTaX8VprAWYEtjEmQkM	Animal Trainer	MDMA - Jack Rhodes Remix
genre:house	2bfVRk1svm3fC5GOKIHvFc	DJ Sneak	Operation Sneak - Tripmastaz Remix
genre:house	0lCElyfjYaNsxcRrnFebPc	Jordan Rivera	Massrate
genre:house	3dlIl1pWlSH5DPXLj7CSPn	Tullio	Last Days
genre:house	2Tugk33xfPQeHY5BXbyrKm	Kaz James	Life In Purple - Ki Creighton Remix
genre:house	6xtCi9aJHLIPOBDRi83kRY	Master Chuza	Shoma Shoma (feat. Peace Maker)
genre:house	2Ty2ygYSQpW3hdvsvKtkbd	Armin van Buuren	A State Of Trance (ASOT 883) - Interview with Push, Pt. 1
genre:house	6KllDaBM2d8EvfcBY7gvpZ	Da Luka	Immersed - Montw Remix
genre:house	5xOKSQxW2Xqf3EmTfJfncq	Dita Redrum	FOLLOW THE NIGHT
genre:house	6OZOaCiBksCpXErUOCiv7U	Jonas Kopp	The Last Man Alive
genre:house	7hjAN8zhjdyJcXtyzuTEzn	Borgeous	Alcohol
genre:house	5FcVwAtkQBkgmUVT8gMxIw	Yves Larock	Free Tonight - Original
genre:house	0cnFCOB8DxHmRLPjmgtptA	Alok	It Don’t Matter
genre:house	2MTjN9J81oyxEBfFTnSSau	Gruuve	Curiosity Killed The Cat - Original Mix
genre:house	02QG3Ovt0eyJ6UdNMj27rS	Mario Ochoa	In The Rain (Original Mix)
genre:house	4rzaurGNjyol8qDrZNjmkH	André Moret	Point of View
genre:house	5eNtV0aa1VdddRJpTNfGyu	Hani	Baby Wants to Ride - DJ Isaac Extended Remix
genre:house	4BZkJU7V68EARJTbfK9HLH	KVRVBO	O Flopo (feat. OKAY GOD)
genre:house	5mbP34n4pUbcNVbFMYefHM	Kora (CA)	Wahiba - Original
genre:house	2tcy9MMB40LfuPtolAQHlF	Blaze	My Beat - feat. Palmer Brown
genre:house	1w7cZpzWdmvj9eQK2W9TjV	Afro Brotherz	Cutoff
genre:house	1JlUgYeM5imDpD9sunK97S	twoloud	One More - Extended Mix
genre:house	215NiBWgZUhgtmKpDqvwXE	Manse	No Matter Where We Are
genre:house	2VYgMqcdQjv4RFVyBk5LIj	Lock 'N Load	Blow Ya Mind - Eric Van Kleef Mix
genre:house	476wyalmGWvfwgy9C40CQ0	Alexander Popov	Another Life - Club Mix
genre:house	7womYscSFLHFMl6jiiloX4	Mauro Picotto	Pulsar - Picotto Tea Mix
genre:house	3IUzQrVaNHEOJyhCowZ1SR	Ibiza Lounge	Frosted Hot
genre:house	67MQCabszgZtnVc5fulLGT	Lustral	Everytime - Ciaran McAuley Extended Remix
genre:house	48gH9z7tKYsV1ik8hzBf5j	Thierry Tomas	The Girl Who Drew Flowers
genre:house	44wYtSLXEOwXJlUOdSxkOb	EDU	Conclave - Extended Mix
genre:house	3HJdGpAfAGC6BB7TiGBrYV	Idris Elba	Ballie - Destructo Remix
genre:house	3DqnVavGCwmaXzJu9JO204	Junior Pappa	Take It or Leave It - The Clark Kents Remix
genre:house	49qJ8jbkGO11gG42KMlbxD	Crackazat	True Power
genre:house	5GuOZO1TDedO6TdxoCW91U	apaj	Mineral
genre:house	7L68liHMwjD8QuNydCfYJ7	Party Favor	Back
genre:house	08ujqxVP9VyulSKJ4pqggv	Jam Patong	Need You
genre:house	6jyi69HNZz3L8OqhHHnLHI	Sébastien Léger	Ariana
genre:house	3Ap75l5JNIwhhhBFrjS55S	Three Drives On A Vinyl	Greece 2000 - Sebastian Davidson & Melosense Remix
genre:house	2x2DPdW2pasrWYfbVqjJ1I	John Dahlbäck	Remedy - Extended Version
genre:house	2dtRGy3uvKQUmLswx6NNZf	Makhadzi	Tchukutsha
genre:house	5pCxXtQSvHLH8PG0Dpg5D0	Armin van Buuren	Rhythm Inside (Mixed)
genre:house	54XasBpkama4TyR7ht9dEZ	DJ Tomer	Fearless - Argento Dust Remix
genre:house	3Tr1Tb3XrvhokU1L9cJWX3	DJ Bongz	Ngafelu Bala
genre:house	6c565yqnfXlrDyLbLSfp0u	Cris Ocana	Frequency
genre:house	2m81EJX6mI0jh7sCR4DlNH	Frank Pole	Sick I Guess
genre:house	12qVs7BC89Fyha23qCs3fZ	The Revenge	Do the Right Thing - Nachtbraker Remix
genre:house	6gwtaT2c4TvYtVEORS8R1t	Mambo Brothers	Control (Mix Cut)
genre:house	6rTmPRuA8i6yFbdR4l0hkX	Shogun	Connected [ASOT 431] - Original Mix
genre:house	5lpAcBi7QTysjPIAOwm8wZ	Nico Stojan	Princess of the Night - Acid Pauli Remix
genre:house	4CTPVxJleY8oudQpEarCre	Steve Bug	Bliss Air
genre:house	0SuUMBILOYqGTmQQ5KQy36	Mike Dunn	If I Can't Get Down
genre:house	6AKgAPMtgKIHCG98LGx53e	Milton Jackson	Breathe - Aki Bergen Remix
genre:house	0eOFHD7RX5XhVVNRhgkaNJ	Booker T	Think Seh Mi Gone
genre:house	2lVkrosIHQGAave4jybHJo	Ramon Bedoya	Niños Del Africa
genre:house	7kAoiyjAVRMvuhyQqfI0sc	Sound Quelle	Shawarma - Original Mix
genre:house	6OlvZGYPSySuXPQ0gF8cDR	Alexny	Blackness
genre:house	2IhQtdlRkggK24YuSxkko7	Arston	Takeover
genre:house	2uN9nfSrbTi8PHQSW8ObkP	Funkatomic	Feel It
genre:house	5FJlY2BqtCYvqo0BNwkBkd	Armin van Buuren	Clap (Mixed)
genre:house	0lvk5A0XvrEHII3Zqu54Ah	Vlada Asanin	Last Dance - Radio Mix
genre:house	1cyayKZ4feOSDjmje0NJG7	Chris Montana	Don't Give It Up - Christian Luke Redub
genre:house	1pK53aWDE3rSfVMj8MtYOE	DJ Lucerox	Circo Loco - Ibiza Mix
genre:house	7nThouNzgOe8peZV7MI7r0	Bossa Cafe en Ibiza	Smooth Elegance Chillout
genre:house	6TIK9hKqnxrlsP8MSmwIFs	Brooklyn Bounce	Get Ready to Bounce Recall 08 - Single Edit
genre:house	1ExbmFlT2AC2SzCnpmJ6nE	Ceevox	Tambores - Extended Mix
genre:house	64UAYxn22slVijbGoByOdE	Galcher Lustwerk	Speed - Instrumental
genre:house	6X6cSAyBZtS2fGauysvUST	John Cosani	Airplane (FSOE 638)
genre:house	4kFHXurGCtJE1d8bAjjC1B	Brazilian Lounge Project	Magic Whole
genre:house	5ieW6A7cSLYYJrFCBS3rAo	Hermanez	False Flag - Chasing Blondes Remix
genre:house	7ancnZicPHjjD8imqk6vzH	Ibiza Lounge	Silhouette
genre:house	511weBMOrxgF1IOuSw5jCg	Robert R. Hardy	Soufian - Matteo Monero Rmx
genre:house	1ZnpqJmN9pL2DTUm5GRiDG	Cafe Ibiza	3am
genre:house	4QZJgi8sCkp4qiQDWjV4w8	Ambiente	Relaxing Gems
genre:house	6ixtm4tf0bpaZfmmZQIeLQ	Oz Romita	Breaking Bad - Tom Hades remix
genre:house	0QAiJ3v9GRq8FYMKbz53Y3	Reel People	Alibi - Dennis F's Out On Bail Mix
genre:house	3rGfhrkssMY8kB5OsH1QJS	Johan Vilborg	Stellar - Intro Edit
genre:house	3hz5MsoM4GF1usVHWtFpnd	Boddhi Satva	Naughty - Boddhi Satva Ancestral Soul Remix
genre:house	2he2tITVaBapUY9LbVglVZ	Riggi & Piros	Die for You
genre:house	5oZgW3ZCxOpbb5GukGFhof	Block & Crown	Live It Up
genre:house	3ioNPaAIUMj6eRLVtbg9Ka	TNAN	OMG
genre:house	7udqSlMNDClh62BlcUIIrm	Oscar P	U Smell That - Oscar P NY 2 Dtroit Dub
genre:house	4tHVTaC0y6iSYO1hR4CUgH	Miguel Lobo	300 Hoes Again
genre:house	7HNWxDvumUEPIt8mB8Eg20	Eskuche	In The Air - Love & Logic, Chris Patrick Remix
genre:house	5I0w4tKPG3F7UbqUIOqBSU	Matt Fax	Ignition - Mix Cut
genre:house	1YLhxpMIPoK6xEYaEjvqcF	Gabriel & Dresden	I'm Not Like Everybody Else (feat. Sub Teal) [Farius Remix] - Mixed
genre:house	4GmxAkE4CBTHHxXPHjYkp7	Pascal Junior	No Lies
genre:house	2MsRkqapim4BgxBRqPAIob	Alok	Typical (feat. Lars Martin)
genre:house	4Z2NKj6dzOKa50Ts9eFdUm	Bar Lounge	Elevated Study Resonance: Piano Jazz's Melodic Quest
genre:house	78azPLI07F9s7QJN2Xtunx	Birdy Nam Nam	Space Cadet Apology
genre:house	4IpoFp5mKvD0rno0xckvmH	Zac Samuel	Playing Games
genre:house	2Wupux2QZZSz2peRsfgEaT	Tojami Sessions	Touched
genre:house	2idHlZZ9R7JExAeN46p5kp	Lesh	Arisen
genre:house	3FO4GA3D9WXPwJTktEuj9k	Kid Ava	On My Mind
genre:house	7JlbjzqYnf93o7sTeWZiRY	Cesqeaux	just_a_machine.wav
genre:house	56KfLdmCjGpZrRAT1ljY3M	Kiko Navarro	Olwakhuthando
genre:house	1C0cmrWsJapHSf92clNBVh	Brazilian Lounge Project	Lakes Mist
genre:house	7cvnOm9auOftZbIqC7cN88	Juanito	Atracando
genre:house	6RT1HzFoBZK8y6Y8F3xa4x	Alfonso Muchacho	Remind Me - Platunoff Remix
genre:house	14iJ3En9CZkzSheIiMWZbI	Heatbeat	Sense & Sensibility - LD Remix
genre:house	3dCml5Q3EkSyZGwEMOsmH6	Ludovic (AUS)	One Way Ticket
genre:house	1uJY8ldHYjTAKwXhf61Gph	J69	I Want You
genre:house	0p5WkNwwMeAssa3DQzhAVv	Super8	Helsinki Scorchin' - Original Mix Edit
genre:house	3xaGuGuLySukLkaugdsQgE	Above & Beyond	Air For Life - Mixed
genre:house	5HS8nvmhMqsyp9R0elBewE	Francisco Allendes	Chicion - Sis Remix
genre:house	7q3ctcjBkvniUziUfKJgN5	Sebb Junior	I Heard You Calling - Art Of Tones Moody Dub
genre:house	2xWFg7gOc8T4tbUGE5JzUF	Byron Stingily	Flying High - MAW Club Beats
genre:house	0LdRLU8NHOGql4QqfoW5iG	Priori	This Multiple
genre:house	3xceNIScTBuJLLu4rLK9xd	Brazilian Lounge Project	Night Music
genre:house	07YOlCJa5p5Qy3Rf98EYf0	Sharam	God Always - Take It
genre:house	5q3gpniorlf8PM5CnduKRj	Matan Caspi	I'll Be There
genre:house	0dOilsCH0F93DcfuKPyjVe	Alfredo Pareja	Good Vibration 2023 - Mori DJ Remix
genre:house	2yK00LlVI9fbjbpxNNJYyE	Dombresky	Like This
genre:house	1eDKzeKp1PRuqmB7cmCvyh	xJK.	Unwind
genre:house	4AAcWURnqDZUAvGotrefVA	Shin Nishimura	Absolute - CD Hata Remix
genre:house	4zgR78a7GlYQEg4RMEle39	Future Sound Of Ibiza	In Your Dreams
genre:house	1aTY9PlqYgMDU1rIfgoGkt	Ambiente	Oceanfront Journeying
genre:house	1U4kNugSv4JZwLeNguXjXg	Gunnar Stiller	Reset
genre:house	3co4iNvsF2KzJPpgW2Qk1t	Dario Nunez	Bigroom
genre:house	3UKO7nOKA0aUii7LZ0xhOl	Nathan Micay	Join Me Or Die. Can You Do Any Less
genre:house	6mTGl0gnmkPN5PR0kv97sV	Block & Crown	In House We Trust - Original Club Mix
genre:house	4dt4dG4j7iLYTtZNfSNoWU	dOP	Mambo Jumbo - Guy Gerbers Hemlock Remix
genre:house	7ppr4HmwCaN9729ue0HVlK	Stunt	Raindrops - Groovecutters Remix
genre:house	5fgUsaVoMXOAdd31lONNlz	KDYN	Shake It
genre:house	5u9aUGmlRLYM5sBxQhYkqa	Nate Laurence	Fidel Does MJ - JedX Remix
genre:house	0Y23DGcnajcUcWdyoPtf5U	Lounge Café	Hypnotic Piano Music
genre:house	1gISN4FT3T5IUeJlt5hsnO	Filta Freqz	Transition - Original Mix
genre:house	6ITon6YnAVUxr4pbN5a6aO	Super8 & Tab	Treasures (ASOT 958)
genre:house	3T4jbW94hm6UyC6Vt4De9X	Jo Paciello	Hold Tight - Original Mix
genre:house	3KJI2xN28q5ySu9bflJT5G	Inkfish	For Life - Original Mix
genre:house	2oLBg6SmBZPgJCQoaMpKzU	Dmitry Molosh	Resolutions
genre:house	0P3jAqU7bxtKlO5ZEsK9Iw	Chill Out	Natural Connection
genre:house	5RMgA6UxYiB3IRH9qhb7r0	Riaz Dhanani	Mix Master (Mixed)
genre:house	1IMSSq51ci0eWSfLlD6tsQ	Mative	Epos
genre:house	5EUAT8mNWauk5iiVpbiSoL	Laidback Luke	The Chase
genre:house	3iIIpJ7vXqAwNktHtWkzO7	Adon	Love Again
genre:house	72R33iiA3BxLT2GuLNg8Fg	Eddie C	Eisbergen
genre:house	1cG8YfdefchJ0qg0fe52qY	Endor	Pump It Up (Mixed)
genre:house	7w1moxSuTfEPsDYB7c332Q	Vinylgroover	Everlasting - Melodia Vocal Remix
genre:house	075LAUIBOhcN552t34pcjK	Sam Collins	Bad Bitch - Extended Mix
genre:house	1DoQhUXMzMu0YfSJtJIYhl	Phonat	Fire (feat. Jolie and the Key) - Arches Remix
genre:house	6IIvHktQ2hzJVe6IRZTcbb	Guille Placencia	Meatball - Original Mix
genre:house	4ia27f6izcWT9myPfhGVqX	Sound Of Stereo	Volt - SCNTST Remix
genre:house	4L2tzrwjW9Fyji0XUO8Dr4	Ambiente	Musique pour sommeil profond musique pour dormir écouter
genre:house	5mlYzTOz5Yo0jSmXwxMKnD	Harley&Muscle	Love's Peace of Mind - Charles Spencer Remix
genre:house	0MZRbIgGvmyouvlZkbleue	Reblok	Trus' Me
genre:house	1DjuiAPEzwBmu0oJVRYSny	Roy Davis Jr.	Just A Little Bit Of Love 2019 - Lonely C Remix
genre:house	3t4TOsjIw7TNLjc7s5Iloh	Andrew Rayel	Musa [Mix Cut]
genre:house	1dApdeZXJ84GnWIPCl5eEe	J Paul Getto	Different Folks
genre:house	5Nz7TYhUJ5qaTvtBw9Sflf	Rio Dela Duna	Kissing Me - Alex Inc Remix
genre:house	3EaIMaNyOOBztgvm68wZIG	Bar Lounge	Take a Chill Pill
genre:house	1y1JBDHYetSi3qyBhRDkli	Bar Lounge	Life's Purpose
genre:house	0h29y65GMJLUME3jD9df9k	Ibiza Lounge Club	Soothing Symphony
genre:house	5632xFCatyQGS5ugyNEAZp	Oxia	Sun Step
genre:house	3MyiRC8Dkf60NdszzsQaZF	Dan Shake	Walk
genre:house	42Z5dJX9C6LoMXMBhfXSDW	Franz Costa	Somebody - Original Mix
genre:house	3tY4jlyxvib74D7zStNkjp	Cafe Ibiza	Attraction Perfect
genre:house	09ywoDY1t1yhhTTygavLX6	Ian Ludvig	In Your Face
genre:house	2YBWtqF6OZH1YZM3hEVifJ	Christos Fourkis	Casual
genre:house	3zPDsxPKmSGPh5OrdDHVuX	Sick Individuals	ROOTS
genre:house	6phiJfmWVc9dvdkdS1Go2j	Darryl D'Bonneau	Imagine Me - Earl TuTu & John Khan Remix
genre:house	1DjuiAPEzwBmu0oJVRYSny	Roy Davis Jr.	Just A Little Bit Of Love 2019 - Lonely C Remix
genre:house	3t4TOsjIw7TNLjc7s5Iloh	Andrew Rayel	Musa [Mix Cut]
genre:house	1dApdeZXJ84GnWIPCl5eEe	J Paul Getto	Different Folks
genre:house	5Nz7TYhUJ5qaTvtBw9Sflf	Rio Dela Duna	Kissing Me - Alex Inc Remix
genre:house	3EaIMaNyOOBztgvm68wZIG	Bar Lounge	Take a Chill Pill
genre:house	1y1JBDHYetSi3qyBhRDkli	Bar Lounge	Life's Purpose
genre:house	0h29y65GMJLUME3jD9df9k	Ibiza Lounge Club	Soothing Symphony
genre:house	5632xFCatyQGS5ugyNEAZp	Oxia	Sun Step
genre:house	3MyiRC8Dkf60NdszzsQaZF	Dan Shake	Walk
genre:house	1x15e6PQw8tYRsL4cu59pL	OBS	Bitches from Ostblock-2 - Faites Leur La Danse Remix
genre:house	31xL7Noc8VHcFGIw9X5WPm	Niko Schwind	Taste Me - Original Version
genre:house	63KVst2HJ5ctV3KHHjo9Lw	Ambiente	Vientos Cruzando
genre:house	1xCo7t58cxolpX6vWQD6Rg	Adrian Hour	Take Control - Original Mix
genre:house	1zcpHwCUKpoqdJV4VKLFJH	Herzel	Brown Paper Bag - Databoy78 Remix
genre:house	0Q7xgYAI2pt9MEVvvcJ0ld	2 Brothers On The 4th Floor	Never Alone - Euro Radio Version
genre:house	7J7bee6Z3Kvzqk0hP7HMXt	Nerú Americano	Adoço
genre:house	6a35ASVEgZZ5WhjGhmVvVL	Bossa Cafe en Ibiza	Canteloupe Island
genre:house	4mSy53jhWyxZfiDUkcDAPj	Daniel Bortz	Dry Mouth
genre:house	6kckNpuM5oXZrObLExRg6d	Lane 8	Road
genre:house	1Fd8PKX9RaJ5CfNCjVNoub	David Tort	Las Dalias
genre:house	5Px8x8NaXYSHhZh9V2kQHX	Ivan Kay	Love Sax in the Music
genre:house	0JfF6AuXLSPCHzfWDMzy44	Omnia	U (CC632)
genre:house	0G3J7WCS8J25c1g2kTCx7v	Earl Tutu	What A Difference - Booker T Kings Of Soul Radio Edit
genre:house	42Z5dJX9C6LoMXMBhfXSDW	Franz Costa	Somebody - Original Mix
genre:house	3tY4jlyxvib74D7zStNkjp	Cafe Ibiza	Attraction Perfect
genre:house	09ywoDY1t1yhhTTygavLX6	Ian Ludvig	In Your Face
genre:house	2YBWtqF6OZH1YZM3hEVifJ	Christos Fourkis	Casual
genre:house	3zPDsxPKmSGPh5OrdDHVuX	Sick Individuals	ROOTS
genre:house	6phiJfmWVc9dvdkdS1Go2j	Darryl D'Bonneau	Imagine Me - Earl TuTu & John Khan Remix
genre:house	6qCyUkQtEVN2iaXaFiWLAw	Deep Active Sound	Follow The Light
genre:house	4bW0DQ1CpulfLZtDXNF2W0	GMJ	Impermanence - Tripswitch Remix
genre:house	7qq6CsE00Pq6fB1JdrhvhI	Yellow Claw	City On Lockdown - Crisis Era Remix
genre:house	4Gl3XQzuMOIa3qWW7vz2rl	Markus Schulz	The New World
genre:house	1ziBw2Uv3BNNNTJPh8LPC7	Sean McCabe	Back To Front - Extended Mix
genre:house	51hoZRPkmFwd6sOb5cH3oW	Jelly For The Babies	Purple Chocoate - Stanny Abram Remix
genre:house	1Li97fEQNvFWnt4XIOBXou	Iron Curtis	Feingold
genre:house	7IN8goCnCTk9RjpR4LSiU9	Ferry Corsten	Not Coming Down (GDJB In Bloom 2018)
genre:house	6wwPcToUysdSSI46nurcke	Roque	Control - Vocal Mix
genre:house	436IUcGWXoLvOere8VJmtK	HP Vince	Deeper Love - Hp Vince & Dave Leatherman Remix
genre:house	1Xk5IaiQF4XD8kYrhZJCKC	Orelse	New Life
genre:house	1dcmkB1nqGZsNNODaNn7Pd	Fedde Le Grand	RAW
genre:house	5tyIl6B876QULuDRGBHF66	Gary Caos	Barabatiri - Original Mix
genre:house	5SiyWN82UIdqu7VBXuMFfg	Mariano Mellino	Vertigo - Original Mix
genre:house	5xl53A1R9RfC7K2sBfgNN2	Brian Cid	Hidden - Nico Stojan Remix
genre:house	0MIz5llny9lCdC0H0iY4t3	Ibiza Lounge	Beijing
genre:house	22UWJPInuC7MhFVdOauSna	Timo Maas	The Religion of Love - Kotelett Unconditional Love Version
genre:house	0oyv9Ttrc5LOAYgWWlz4Tb	Double Dee	Found Love (feat. Dany) - Paul Gotel's Dubfire Journey
genre:house	6i4qls791jG58gXjO6JjFP	Ibiza Lounge	Grey Light
genre:house	6meTwoiT2bDlTQuNDEXfGP	Mark Knight	Toolroom Radio EP620 - Coming Up - TR620
genre:house	0yEus3qnmXptkRZwTFuKDO	Kimara Lovelace	Only You - DT's Groove Jet Mix
genre:house	0kQe2KitphePY9onZDYt1w	Felipe Avelar	Funky Lowdown - Original Mix
genre:house	4wEHE3HgcuI5xH2O6rZIt0	Ibiza Lounge Club	New Bounce
genre:house	4tpOG3XTZ2g4r6bQvXl8KA	Sunlight Project	Pacific Place - Extended Mix
genre:house	7IwhfJvTdq6kyqz9iXRQ1K	Fluida	Welcome Home - Original Mix
genre:house	5PbPmKAcolY10GU5GT364k	Luca Debonaire	Time 2 Move
genre:house	4YjVA5T9bAObPbEmAS3XTB	Groove Junkies	You Love House (feat. Chappell) - GJs Alternative Instrumental
genre:house	6IyKBN6jtC8IT1DKL69Txk	Darryl Pandy	Love Can't Turn Around - Houseapella
genre:house	0acaM3uCNDcvqgbfheWhT3	Ibiza Lounge	3rd Street
genre:house	7LKMZrE4FFbu3MZMhV74mt	Legit Trip	Flutter - Alex Arnout Remix
genre:house	2WtmawYClh8PweOquC8dqg	Kilian K	Feliz Navidad
genre:house	2uRBhtBWEk0TZhKXRJDgFn	Zendid	Party 2 Style
genre:house	7qlLmQLKGSbVR4KS3yMI6Z	Mr. Chillout	Smoke Signs - Radio Edit
genre:house	6gXS7KcuA4ZTYmSZ2Kl77H	Kenny Larkin	Tedra
genre:house	7mVZvts0ghcsjEc1NPwevJ	Distant Matter	Light
genre:house	3MVyPm71gtQHLgYVeEgN2F	HORVS	NO
genre:house	6hmwToYEEMaUKf55DNUcYs	James Dymond	Opus 2
genre:house	1zlLOSjVD66hiaVBLY7GmV	Greta	Susi Labelle
genre:house	12llnbU4M5gakpudcv1p2n	Melokind	Zeitreise
genre:house	4IS61y9eJyYuS2cMkmHmxM	△Sco△	Whore
genre:house	7x0BAQ7swaBhJ7nODERBpv	Dr Cryptic	Skippy - Original Mix
genre:house	5wPGkF8uZy8EFB16rpmt4R	ulises	Uña - Carrot Green Remix
genre:house	4wHOCsHSW2DoHU4GGcW4rg	Distant People	Dress Up Your Life - Vinnie M Remix
genre:house	16rZrYoBOQiIoKJ078C2h5	Bossa Cafe en Ibiza	The Rhyme Of Rhythm
genre:house	5lembXcJzKLxZurKJeKJuq	Dateless	This Is The Underground
genre:house	6leeMSzt8h2F8RtBe7ZcFu	Laberge	Private Suite
genre:house	3eW1Wg24EKbaZqmUFcBQGa	Yann Muller	I Want It That Way
genre:house	5efQLQ0ozv9c47AD0iLYRO	Ross Couch	Lights Down Low - Radio Edit
genre:house	44DNdvGOtPcV30Qk1HR9uN	deadmau5	Clockwork
genre:house	75QfKmRPh5IlqPP3Lwthk6	Dio S	Deisis - Beyhude Remix
genre:house	5tC08rFLlH2hURdp9AbAwo	Sean Biddle	Salsa Caliente - Angel Alanis Remix
genre:house	0d1dQgIi8gLHzRECeZFVq0	David Gravell	Megatron - Original Mix
genre:house	5gyssr3m6179oVKKpFe5xw	Raumakustik	Civic
genre:house	4xn2XutLZSyJU1OMoluVml	Daïtshi	Yumé
genre:house	4Fx5lhiPFldv6IGee9nvuo	Ibiza Lounge Club	Islander
genre:house	44HB5sBb6MQ7vT8PSpempT	Andy Rojas	Berlin - Original Mix
genre:house	1dDEWCT7dpIKES8Ig2WJbN	DJ PP	Time Is Now - Deljoi Remix
genre:house	5hZQEBgBOI8XSFwwnFLiyf	Alexny	One For Me
genre:house	7JU053RRMSSwfBPIeiZCHX	Alex Kenji	Rebel Robot - Original Mix
genre:house	7hrf6Tos1jGZQkgBdhQK1M	Belmond & Parker	Set Me Free - Amadores Remix
genre:house	6ftr4QpXdyuy87E1thieZM	Albzzy	Conjure
genre:house	458ona3oElDYXwRTlWkokV	Monsieur Van Pratt	Shoo Bi Do
genre:house	6L8S2EE3CMDF65rXzd8R2l	ARTY	Distorted Love [Record Of The Week] [ABGT184]
genre:house	68EBmGRJoe8OoTIriQ2dOb	Amber	Melt With The Sun - Hex Hector Club Mix
genre:house	277aHELzO7497lGHosUdrf	Heaven's Cry	Til Tears Do Us Part - Dark By Design Remix
genre:house	2YHmk709ltED8xLtSUa2Cw	Mzux Maen	Lokishi
genre:house	42TqDBzwWEKrmXSwBoC4aL	Aly & Fila	Breathe Us To Life - Fady & Mina Extended Remix
genre:house	5cldkCKLeXe7HO9J9eJAWY	KoptjieSA	Struggles
genre:house	2jGEjxTBlzZsshrHcKntj3	Mr. Kavalicious	Can't Question That - Extended Mix
genre:house	6H9U882rFVQ2UlsjRRSsy9	Al Storm	The Noisemaker Is Back - Monster & The Watchmen Radio Mix
genre:house	7vLsiR8hGd9q3b8uS7zw19	Chill Out	Constitute Button
genre:house	1gLqtmDx66nQy9f91DpBBp	MYNGA	I'm Done - Extended Mix
genre:house	3CaiHeCBlauRcIdNxkKjLr	Sangeet	Restorative Circles
genre:house	28hI2q8KCjzBBuCz6lKQjA	Basto	I Rave You (Give It to Me) - Radio Edit
genre:house	7tB7KrQdqkNhtuTI3K3IPw	Tritonal	Tritonia (Tritonia 394) - Round Up
genre:house	1qjRWf2WHYxeutIn9HzFWa	Deepconsoul	After The Talk
genre:house	4HzCWYZy6ceOLRhA82MoTV	Kevin Andrews	Set Me Free
genre:house	7oB1frMIIfcIyeRtjsRo6X	The Man Behind C.	Wherever I Go
genre:house	5sWNUaHk0vE1Xk0qFxrpEw	Felix Cartal	Something to Live For
genre:house	4AlfWJUxgOFzcVGYK6yLVn	Bossa Cafe en Ibiza	Funkadelic
genre:house	3kNUh6IxQx90bUNQsuvyTB	Tenishia	Strong - Chill Out Mix
genre:house	4Js07dP8E9SJ19eZFfj856	Basto	People In Jazz
genre:house	3feEs22QBZYPCUkl7U8C8y	Lounge Café	The Cure
genre:house	5N3EH9RCOxACI3EzN9zNDb	Disfunktion	Make My Love Stay
genre:house	7EwSIYrYUHjuJTGPvzETIl	Mr. Chillout	Ocean's Lulllaby
genre:house	4UBnEZr7fUrKOcUQr6vkLV	Dany Cohiba	Arinsal
genre:house	2bIeI1BzrtOB8hlP3y03KF	Sabb	Hide Your Drugs - Alexis Cabrera Remix
genre:house	1FwR95xLOV9q66OMKt9vF5	Sunloverz	Love on My Mind - Club Edit
genre:house	2r0geuzxCkCDT7VZdoMAXM	James Hype	More Than Friends
genre:house	6gdo8xAbkh5tbrZR7Zl3vt	Armin van Buuren	A State Of Trance (ASOT 1055) - New Merchandise Available
genre:house	4HjpNyhVYtqXVbYFQv0cGy	Tiësto	All Nighter
genre:house	5CRe6ENb9gKPwNONhNkpMl	Vanilla Ace	Perfect 10 - LA Riots Remix
genre:house	3slxBUEX5uCHkFImzP0QuB	Vlada Asanin	Babarabatiri
genre:house	1zkEEnAtjv9u8bWisaAcc0	Ibiza Lounge Club	Summer Song
genre:house	2pg5io3PmpjDHzLPhoHSMX	Midu	Crudo
genre:house	053Cvek8Zh8TCBp5H3V7iY	Luca Debonaire	All the Party People - Original Mix
genre:house	2Ct7dUncLIW0GmiuFCG5pn	Andrew Chibale	Cairo
genre:house	2ij5Y0mPT5KF0MMZYrQWF8	Mindset	Phaneron - Stiben Dapper Remix
genre:house	24eNEHnR0yWfljLukg1QTb	Jaytech	Paragon - Original Mix
genre:house	1B9YWamFm7DuzHO38ioZFO	Dr Feel	Healer
genre:house	17rDzPCsQWIPPQ2dd4U56f	Cafe Chillout de Ibiza	Shellfish Shellfish
genre:house	1xHNfBzxjpelDrFJtwnLFq	Jay de Lys	Take It Off
genre:house	4VpZKGZcyVt0opQm7Wm0ZV	Beneath My Shade	Surrender
genre:house	765aCosxBrcQDvD1OCzP3J	Tiësto	The Business
genre:house	4mji04KKMl0Zyhg0NbwImo	MUSTAFA ALPAR	Down Night
genre:house	5pcRsS77GhYMeP6NRybd9U	Mike Koglin	Untitled Audio - Nitrous Oxide Remix (Mixed)
genre:house	36msogcd79RdlNWnFikmsq	Shingo Nakamura	Lumen
genre:house	61zB4KTrgORQiXRJ1B3urg	Luttrell	More Than Human
genre:house	2jFu7yCQOImLgE4tpVG2yp	Alton Miller	Stars In Your Eyes - Andre Lodemann Dub
genre:house	0RAucKdC602Cdc2yPiTlI0	Peter Brown	Old School - Dub Mix
genre:house	791OAqZ4rRFEw1Vo9LOM1s	Dissolut	You Freak
genre:house	2QXMETD8MrCzDkpGq1hGHb	Proudly People	Summer Fest
genre:house	5U5HhTkDaA31c7e5nakpvq	Bossa Cafe en Ibiza	Take Me There
genre:house	5T0mzQM34XhnR30yfPaIWk	Andres Blows	Distraction
genre:house	511weBMOrxgF1IOuSw5jCg	Robert R. Hardy	Soufian - Matteo Monero Rmx
genre:house	1ZnpqJmN9pL2DTUm5GRiDG	Cafe Ibiza	3am
genre:house	4QZJgi8sCkp4qiQDWjV4w8	Ambiente	Relaxing Gems
genre:house	6ixtm4tf0bpaZfmmZQIeLQ	Oz Romita	Breaking Bad - Tom Hades remix
genre:house	0QAiJ3v9GRq8FYMKbz53Y3	Reel People	Alibi - Dennis F's Out On Bail Mix
genre:house	3rGfhrkssMY8kB5OsH1QJS	Johan Vilborg	Stellar - Intro Edit
genre:house	3hz5MsoM4GF1usVHWtFpnd	Boddhi Satva	Naughty - Boddhi Satva Ancestral Soul Remix
genre:house	2he2tITVaBapUY9LbVglVZ	Riggi & Piros	Die for You
genre:house	5oZgW3ZCxOpbb5GukGFhof	Block & Crown	Live It Up
genre:house	3ioNPaAIUMj6eRLVtbg9Ka	TNAN	OMG
genre:house	7udqSlMNDClh62BlcUIIrm	Oscar P	U Smell That - Oscar P NY 2 Dtroit Dub
genre:house	4tHVTaC0y6iSYO1hR4CUgH	Miguel Lobo	300 Hoes Again
genre:house	7HNWxDvumUEPIt8mB8Eg20	Eskuche	In The Air - Love & Logic, Chris Patrick Remix
genre:house	5I0w4tKPG3F7UbqUIOqBSU	Matt Fax	Ignition - Mix Cut
genre:house	1YLhxpMIPoK6xEYaEjvqcF	Gabriel & Dresden	I'm Not Like Everybody Else (feat. Sub Teal) [Farius Remix] - Mixed
genre:house	4GmxAkE4CBTHHxXPHjYkp7	Pascal Junior	No Lies
genre:house	2MsRkqapim4BgxBRqPAIob	Alok	Typical (feat. Lars Martin)
genre:house	4Z2NKj6dzOKa50Ts9eFdUm	Bar Lounge	Elevated Study Resonance: Piano Jazz's Melodic Quest
genre:house	78azPLI07F9s7QJN2Xtunx	Birdy Nam Nam	Space Cadet Apology
genre:house	4IpoFp5mKvD0rno0xckvmH	Zac Samuel	Playing Games
genre:house	2Wupux2QZZSz2peRsfgEaT	Tojami Sessions	Touched
genre:house	3FO4GA3D9WXPwJTktEuj9k	Kid Ava	On My Mind
genre:house	7JlbjzqYnf93o7sTeWZiRY	Cesqeaux	just_a_machine.wav
genre:house	56KfLdmCjGpZrRAT1ljY3M	Kiko Navarro	Olwakhuthando
genre:house	3xceNIScTBuJLLu4rLK9xd	Brazilian Lounge Project	Night Music
genre:house	07YOlCJa5p5Qy3Rf98EYf0	Sharam	God Always - Take It
genre:house	5q3gpniorlf8PM5CnduKRj	Matan Caspi	I'll Be There
genre:house	0dOilsCH0F93DcfuKPyjVe	Alfredo Pareja	Good Vibration 2023 - Mori DJ Remix
genre:house	2yK00LlVI9fbjbpxNNJYyE	Dombresky	Like This
genre:house	1eDKzeKp1PRuqmB7cmCvyh	xJK.	Unwind
genre:house	3S5cGnV2osRud8gr8n7rBU	Tiësto	The Motto
genre:house	3PkVIaugAGfSzu2SZBz3Rd	Groove Chill Out Players	The Trace of My Mind
genre:house	6bNF19PQEzfWnRL0AdlDOo	Sam Divine	Can't Stop The House
genre:house	4Di492bM8zmqRtF58dNkI7	Bar Lounge	Mind at Ease
genre:house	4AOrUVvWfLHnYx6CNElFN3	Mauri Fly	Voyage Piano - Radio Edit
genre:house	5jxaaME6DHzIkMyox801HR	Kid Massive	Say House - Scruby & Aron Chiarella Extended Remix
genre:house	4DgGZpG2lE5ygxAFvU2YbU	Driftmoon	Only You
genre:house	4vs0T75keK8pj88yhx3Zfg	CARSTN	Could You Love Me - Munich Monstrs Remix
genre:house	1VL1Mco3x16CfkzbwYBUo9	Ritualz	DOSE - SØLVE Remix
genre:house	0B1GvDNpNgKjkMAg0enzPS	Jestofunk	Disco Queen - Radio Edit
genre:house	2iR6tIb28TdxZlOE8jEr6f	Emery Warman	We Shine - Original Mix
genre:house	4V38kncxqO8Yac43MnTDaZ	Lounge Café	Dapper Dan
genre:house	1xmQZl4zWwad9svC3lqmci	Crazibiza	Cali Soul - Qubiko Remix
genre:house	6bMtVzvvZ8DB3jgChIwXBf	Mark Hoffen	Titan
genre:house	6LRhHiA0rOZ97dZ0Aiy214	Niko Marks	Inside Out
genre:house	5egtJKDhK7TvTHuCbMc46d	Peer Kusiv	Entropy - Extended Mix
genre:house	0rNrSl0b8eIg9qfeot6NvK	Shur-I-Kan	Living Inside
genre:house	2XkyaD8ogXf6KX3KDsLWWQ	David Penn	Disc Jockey - Original Mix
genre:house	0oF6FHo392KFm9YWfXbzy7	Jansons	Fever
genre:house	01CVfkbOlgNW0wfZzmVchy	Klubfiller	Happy - Radio Edit
genre:house	4qFPYNC6ZMK6g6DD7TqbV6	Tink Thomas	Strong Enuff - Survival Mix
genre:house	41Mk8zMYqpLQBg6eFxpAC7	Wayne Smart	Up To No Good - Original Mix
genre:house	52W7g6XeAfzO4CH8Ggn0ua	Cosmic Gate	Sparks After The Sunset - Rafaël Frost Remix
genre:house	4dtkZ2rZd2NpBT1cpmeDgn	Nestro DaProducer	Your Greatest Competition
genre:house	23lqzj8jfB8SxWzLmbWlAH	Luna City Express	Motherland - DJ T. Remix
genre:house	3ONV7lRm5hl52iAMzA2J2Q	Sascha Dive	Dub Chronicles 5 - Dilby Remix
genre:house	1A2R63vq2FhzP52OrjOnu4	ARTY	Rebound (VONYC Sessions 820) - Jason Ross Remix
genre:house	6rivpycccQN4OZ4oDJHMlA	Jean Bacarreza	Como Va
genre:house	19gd9aOxvmW5mait5kZ3W3	Francisco Allendes	Superwings (AIR227)
genre:house	1OHjWdHp6byKPaFOlWMHmW	Chris Stussy	One Thing I Can
genre:house	2mmXz2cHAiyHjArBcZuJal	Harley&Muscle	Bass Level
genre:house	40hCd3nYsaojdZj9b5A5KN	Vinyl Dealer	Mafula - Lbz Deep n Chilled Mix
genre:house	1rGfK6YY8D08WZlgFFp2sh	Hot Since 82	Bloodlines
genre:house	1ujm5JQmHt88IpIwTCsY6h	Cev's	Funk You Too
genre:house	4Z74Oa5bWgRF0vs148NSrY	Black Loops	Edit/No
genre:house	26Mm9sbnpAu1egsMzUYXSS	Ferry Corsten	Waiting (CC528)
genre:house	1tBgNSp25mcvjWfkGlgcxF	Ellipso	In Your Eyes
genre:house	2Sy1PSyQQAyH2BNQAUzv11	Sunlike Brothers	Fingers Crossed
genre:house	4ALbdikeYG7u7pDXZBK8yg	Midnight Juggernauts	Road to Recovery
genre:house	0qQqywde9f4G3TjQ5JfqtJ	ARTY	The Wonder
genre:house	4GpeZ5zXN7cuZo9msngb23	Lounge Café	French Kiss (Chillout)
genre:house	6I4mxs7v1rLeZITwNLLxOW	John O'Callaghan	One Special Particle - Guy J Remix Edit
genre:house	77eav1PbTAGPBlakk9bwEd	Arnaud Le Texier	Continuum
genre:house	6zRgLQEtiW9swBj6cybCO6	Ricky Ryan	Last Canvas
genre:house	0I7mJeSvJYsMBDeWCCpty2	Jelly For The Babies	Pocket Moon - Original Mix
genre:house	5Gr8ZmmOwJVfsVkRk4jGNu	Lounge Café	Old Beats
genre:house	2biPOOGmBglW6OOc0gFggn	Lounge Café	Wine and Roses
genre:house	3pgMdgq0cOezu8es2GVKi7	Ibiza Lounge Club	Nothing To Do
genre:house	7en0NWBeasZzYpZysWAV3g	Skye Holland	Getaway - Original Mix
genre:house	3IG5lg9RxAefxReV9MUpq0	Ambiente	Buena Noche
genre:house	0qPYOIzM8XCRoPMbAT7O1G	Dennis Cartier	Running
genre:house	3euVx7vcWht3VgdSAuimEf	Audax	Teach Me How to Love You
genre:house	0rxPBOPodLBTBEnnkGKR6c	Jody Wisternoff	Cold Drink, Hot Girl (ABGT460) - Oliver Smith Remix
genre:house	2ZmCH2fJrAHCiqOq5G0zJm	Bushbaby	LIAB
genre:house	46d9E9g8jnWDuihsps7O3o	Richard Earnshaw	Secret Sauce - Original Recipe
genre:house	6FvKCrDdsQprjEEtgF03rz	Gregory Esayan	Taxi - Alexander Volosnikov Remix
genre:house	1Qpyv47EzF5en9gbspJJWg	Ceephax Acid Crew	Stir Fry Jungle
genre:house	3kExucbwfVakceLWGEata4	Cedric Gervais	Through the Night - Chris Lake Radio Edit
genre:house	3hncjrx44KLVbR7TrkPUll	Tokyo Black Star	Ukiyo
genre:house	5rlSVRa37kl1lsDrsTdv7j	Belmond & Parker	Give Me Chords - Club Mix
genre:house	0lSVlJG93SKTGAnJFb3gm6	Pablo Fierro	Whistle - Atjazz Astro Remix
genre:house	0MvXOYpLgqvUUTurRkKH0W	Sean Biddle	Darlin' - Sean Biddle 2010 Mix
genre:house	6RsSLwJ6SXBZpDpuCDSKGW	Dürerstuben	Ikje Mid Kyara - Original Mix
genre:house	5liFvzuoYnhczpcDUIWkZI	Carlos Gallardo	Tears of Calcuta - Radio Edit
genre:house	0W35fc9vV4tAzyQW3L3d2U	Capstar	Do It Easy - Capstar's Soul Remix
genre:house	3aJxfYdLybEW0dUIzZnvEN	System F	Cry - Groovelift Dub Mix
genre:house	2LG37yvyTbAp5MOBhVofrG	Koni	No Other
genre:house	05wxYxdxvD5KKqXuX5jTx5	Bar Lounge	Monkey Mind Begone
genre:house	5aIl4H6ng2tECIQb09bTzd	Kill The Noise	Dying (feat. Ultraviolet Sound & Emily Hudson) - Brown & Gammon Remix
genre:house	1IkwcLqSmYM1POSOXfLPqJ	Hardwell	Spaceman - Headhunterz Remix
genre:house	2j61rblWwVGWANLSfCSHaS	Sandy B	Make The World Go Round - Deep Dish Round The World Remix
genre:house	21vBWFhUuMh8FLWUkKniuj	Armin van Buuren	Just As You Are (ASOT 867)
genre:house	18QmewUE7qjHRtbi95kuXv	Sound Process	Modul
genre:house	62I6tda0xcL9iLdS5l7tWn	Corrado Alunni	My Time - Christian Vila Remix
genre:house	6dbhSmPUPbLSLrn610uOzm	Radio Killer	Clothes Off - Jeff Rock Remix
genre:house	3OljTfroUTq218w6Xz8MWR	Robin S	Show Me Love
genre:house	03X9pTj6HEwXM0kEBHxeyW	Third Attempt	No Worries
genre:house	2P3l3bfez3VXkgUxy6Mdno	Alexander Popov	Another Life - Club Mix
genre:house	1yMNla9hUHmvNmQcAJCZCk	Micky More & Andy Tee	Can I (Show You Real Love) - Record Store Day 2020 Mix
genre:house	4jJ3niAQlyhRYF3kaw8GJK	Robosonic	Nine to Phife - Original Mix
genre:house	7GHUsM77rqCIFO3C03Qr5T	Bunte Bummler	Aesub
genre:house	5IHa0uuS875TNthFFR1yk1	Deep Spelle	Imagine
genre:house	4EtO3hkBEGrdo0rOBeclwa	Matduke	Indestructible
genre:house	5aIGTcbFA20I532kwvPhPh	The Grid	Floatation - Slof Man Remix
genre:house	4DRy2x9OIJ0QwXc4xb0ANp	Chris Lago	Super Famous
genre:house	4JVgCVMEzCqUYP31Ieb74h	Syence	Reset
genre:house	1sNBzxPy83NXPtuiKuAXrv	Kisch	Love Like This - Extended Mix
genre:house	5XGEmiWqukPqZqf8LR5kIp	DJ Zinc	Out of Control
genre:house	7uoZq8dt1GeLKrgmHY3xfK	Boxer	That Feeling - Original Mix
genre:house	17i74ZVa4TyQuYu7WuQiHn	Tritonal	Everything Is Beautiful - Mixed
genre:house	32BboYwrn2bOqAJcZylpFT	Alexander Popov	Born To Love - Intro Mix
genre:house	62cCyQEKOUvUmY9RPMaVpk	John Tejada	The Function And The Form
genre:house	1SWGpdthymuY6QIfkTerUp	SUFFER RING	Void Walking
genre:house	64IKeiUteQcHkg8e5hviny	Vicetone	The Otherside
genre:house	0b5GrmQCoqrpD7i5cfJbNp	Fabio Monesi	Pancho Returns
genre:house	4OkbB6LR65mRjlrXNjdoq6	W&W	Alpha [Mix Cut]
genre:house	02P5Gg3BHL7Z0iAbVnYWrH	Paul Thomas	Lucir - Radio Edit
genre:house	5sZ5aMoNQTrkZDfF7qcGs7	DJ Fortee	Motho Wa Motho (feat. McKenzie & La Shad)
genre:house	2Sy5QrGWcB4MSQMKbU3xqp	AKA AKA	When I'm with You feat. Shimmy Timmy - Original Mix
genre:house	0DAPlYbYOSk6hhxB0yqVw1	Spencer Morales	Without Your Love - John Morales M+M Mix
genre:house	1JOr1qN5v08ACj8kMeuIDw	Seamus Haji	Confess - Club Mix Radio Edit
genre:house	4lMTgIYxrGJZSAzmEt9vWQ	Stan Kolev	Water Of Life (Sezer Uysal Remix)
genre:house	3IhqyiLD4ECDnC5zPZOdX8	Above & Beyond	Beautiful Together (ABGT556) - Genix Remix
genre:house	77Bb3Y364PPHb0z9VaipZG	Clean Tears	Over (HEART Mix) (feat. 初音ミク)
genre:house	47Y6amWGePrii6flfl54XL	Boxer	Free
genre:house	6tj3Cwzc3lnH0LvR8BhIul	RR Fierce	Yamamba - Mix Cut
genre:house	7JELr5rUOBWcu98tvnZkHJ	6th Borough Project	Tainted Dub
genre:house	0bWpoZdzAJhmYd9S2xs5Os	Cafe Ibiza	Ultimate Chill
genre:house	6Jis4GF4X9z7iyxk7U8XNm	Ben Stevens	The Warning - Ilogik's Shrink Wrapped Remix
genre:house	14u60vJwBf0NElbmaRoMhG	CIOZ	Wachaka
genre:house	2LnzMJQsLgDTU5pOzbswkf	Block & Crown	Da Phunk Rhymin' - Radio Edit
genre:house	1KKDU2h5rWlRQIgE4JMfRK	Francesco Diaz	Barcelona - Radio Edit
genre:house	4VQnIeFMeS3MwamDiXOxzJ	Mirko & Meex	Magic
genre:house	5ILdNqSqHp3foOqri5GXS3	Spencer Brown	Always Do You (ABGT250) - Oliver Smith Remix
genre:house	3vVS5pQg41pysaJcfSMuNq	Paul Keeley	A Sort Of Homecoming - King Roc remix
genre:house	2yWMtvT0lmSPRXaElzCJ4n	Genix	Numb (ABGT TLG) - Chill Out Mix
genre:house	7DfLKumBVs8RCH0CtDeXMa	Clean Tears	Reverberations (Reverberations3 Remix)
genre:house	3624AZbmsPoxcmIUxDrDnR	Leif	Speak To Everything - Original Mix
genre:house	1Wtr8E8QRtc9Nb00tejCen	Chill Out	Zenith
genre:house	0nm6Sp0rTr4PJsUdRhxu94	Neverdogs	No Reflection
genre:house	5Q1bAiZ0qNfoif8fFjtcrO	Ilias Katelanos	Tempura
genre:house	5BDzSRcZZuNRG3y49pJh0M	Lounge Café	Rhythms Groove
genre:house	6RExz7GGfwC8RFEKpIrrrA	DJ Zinc	Casino Royale
genre:house	1hv5wcnAE30mlJ1SJND6J2	Tobÿ	Waterfalls
genre:house	0Ts8TMzP8TYNsow1sC0t7d	Daniel Portman	Virtual Suicide
genre:house	0RrqzuydzF3LG99M70GlA5	Earth Trax	Maze
genre:house	2UDvrlI6bI5cqHS8YApZuZ	Habstrakt	Listen Vip
genre:house	76ZmWD7QgNlIZRlwA7u0nt	Riccicomoto	Quasar - Tango Control Dub
genre:house	2A7PGw0QpWUMBhp6UQFoIG	Kaan Pars	Gold
genre:house	50RzhWxgFJT3SavBDPnQw7	Mark Knight	Toolroom Radio EP704 - Outro - TR704
genre:house	7yX6xHubhHZxnY1JDjMG8i	Partiboi69	Freaking You Out
genre:house	7CGYOSOsJOU5m7ZgBFqZ0L	Bossa Cafe en Ibiza	Fénix
genre:house	022BHidPQuYD9l3W263lOY	Robbie Moroder	Everybody - Radio Sterling
genre:house	2AKVTUm3NzzfiYHJJH1O48	Mark Sherry	Confirm Humanity (ASOT 913)
genre:house	017HR5voXv7hrR3KLFVAkX	TACT TOKYO	Qualia
genre:house	7AU0QVHh22NCLTZLgNkIiI	Moon Boots	Tied Up (Kenny Dope Extended Remix) (Mixed)
genre:house	1CyIxuzynQfa9wVEsX6AwA	Armin van Buuren	Imagine
genre:house	5CJYQYrcduB1hYrIKlkSv0	Eddie C	Space Shuttle
genre:house	6lWUnkyFzuGCEwChyphSVG	Sean Tyas	The Potion - Extended Mix
genre:house	7gwFHW6G3RTSqqCzuK8leN	Ben Stevens	In Your Hands - Olive Grooves Danger Dub - Mix Cut
genre:house	53lCLhb2hNzMjBPNWmJoz3	Yuksek	Sweet Addiction
genre:house	4i9wrletsTo68DKkHMvY4p	Amtrac	Some of Them - Tiger & Woods Remix
genre:house	29lX94VtVrBvmqA5pzA6Qn	Danny Howard	Pumpin’ - Archie Hamilton Extended Mix
genre:house	0GrzPbsW3na9J1TXoto6hv	Flabaire	Tribute
genre:house	22nWmMncTWh2IneOfKmVCL	Bar Lounge	Mood for Vintage Cafes - Downtempo
genre:house	409Ekioz88CsaIcX7su3ve	BK	XTC Nation
genre:house	6PZvPmtDpjoHUQnMNxP1o6	Reel People	Can’t Stop - 2021 Remastered Version
genre:house	18vfCJW5QCyFYa0ExkQHVw	Maceo Plex	Conjure Superstar
genre:house	5k6AtO4s8QuNKCJaK84oBg	Wigan Pier	Pt. 02
genre:house	49wFMZLo1EXhoHd7TILFBF	ReOrder	Driven By Moment - Original Mix
genre:house	79cDqyZh2nYKkBPQEjKmb7	Super8 & Tab	The Less I Know (ABGT556)
genre:house	5VMrEqThneHNaLhbQiCh42	Klangkuenstler	Man on the Moon - Miguel Campbell Remix
genre:house	3wCWWYEtYyyTjtD3mg4sZC	Namito	Relentless
genre:house	1wfOfOIOpKug6zMpnjBTdK	King Monada	Ledekhere
genre:house	2wkc982YFvIxtQnfbdejxy	Sadion	Cecille
genre:house	1ATdbY8XbBAWqqK3r0nzxY	Axero	Used To
genre:house	58MTLL3Pw9si9Jtx3lR7Ia	Wally Lopez	Cheater & Lier
genre:house	77na9w9j6Ps6OLtySkVmX3	in3briant	Th3 R3aper S33ks H3r
genre:house	43XEhMcWGdA2SUmWhsymAY	Block & Crown	Love Bizarre - Nu Disco Bounce
genre:house	7qxegN1vz9DeuxdpWoR6zy	Ibiza Lounge Club	Echo Park
genre:house	1YzYczkQA7w9bzVuhxZS0x	Tez Cadey	Runaway - Extended Mix
genre:house	5Kk3YyZFJfqJIzLox8Qbvv	Alex Sonata & TheRio	Drifting Light (ABGT556)
genre:house	11MNyMNHvG5FS9dyH6Vkkh	Artwork Sounds	Amazing Grace (feat. Garth Brown)
genre:house	47GoI3oIJEDrsPcRvhcu2u	Dj Fronter	Russky - Original Mix
genre:house	29okACIWeBHZj8yNNp5imy	DJ Call Me	Chelete Ya Mochelo
genre:house	5hkCaXO01fSa8wLSHoPknq	Jonas Woehl	The Conductr
genre:house	4xs0XWN1xDSn9H0vsg2Y3c	Sabo	Red Lotus - Zuma Dionys Remix
genre:house	1JaB81C0wPw8hvFF6KTvMi	Andres Blows	Kriss Kross
genre:house	10pYrF1jG0MZp1MjEjHYTO	Above & Beyond	Group Therapy (Messages Pt. 3) [ABGT556]
genre:house	4cVfAd8lS1QUb6BWVW9Ke1	Klur	Apologue - Fejká Remix Mixed
genre:house	3Ljl7L5fOe2PVeusfCClFc	Ramon Bedoya	Bust
genre:house	28o1W2m8pPqTPEXchROqNd	DJEAU	Coolest Guys
genre:house	4jg1AyAqpMyNoSHNN6uw9P	Adelphi Music Factory	Believe In You
genre:house	5EAQjElMm6qrlFkq4q64e5	Francis Inferno Orchestra	All up in This Shit
genre:house	6Wc42IdkrL8cpQESZtE7Jj	DJ W!LD	L'arnacoeur
genre:house	3xmJo7JydhDml7GAS9YTcN	Knife Party	Death & Desire (feat. Harrison)
genre:house	4r1UzpZPszxoCubMWlLzjw	Alinut	Ideal
genre:house	3aWVBjtc7sE516cyzHDZWe	Bufiman	Hoolock Rock
genre:house	0TwiKyrgJ7dRykmg5jpjHH	Anja Schneider	Morning Glow - Edit
genre:house	1XYaApl90puahIXjd942tI	Legit Trip	Strannik
genre:house	4KJUpkpXxDU3Cmhwy8rF0H	Time Wharp	Spiro World
genre:house	5lWfZQ70GtHsvyCszh56Xv	Todd Terry	Move Every Muscle - Extended Mix
genre:house	1au97XqYd3RiwkijqkjGV9	Rhythm Invention	Chronoclasm
genre:house	5Pt5jxncFjANUeCOTsBxEr	Steven Rutter	In The Light of the Moon
genre:house	3XN3ehFYn3J8bNCyutRYow	Darles Flow	Going Home
genre:house	1rynsJzlsYpAX4ezRVSnuw	James Woods	Amnesia - Original Mix
genre:house	20iAIsZHD4hi7Z1dkWoLSt	Voltage	Try to Focus
genre:house	2LAFUPqCcH0iKhDZ2zCmhS	Fedde Le Grand	Free
genre:house	21lgfDI2gY0HJYiOf0eNPG	Dash Berlin	Till The Sky Falls Down - Arctic Moon Remix
genre:house	2ajRQN5KVFXzCEwf8pJqOT	Dense & Pika	Sun Sesh
genre:house	6f1AvmbLrBhMlIxG4nC35o	Ferry Corsten	Feel It
genre:house	4TzuPSYnl6RBLFp9A2zENH	Chill House Music Café	Attraction Almeria
genre:house	4kwxJZNi3ZZsDneewn9eHc	Franky Rizardo	Dusty Mornings
genre:house	61daSUrWgkB5W5VBL03cwZ	Jean Thibault	Listen To My Heart
genre:house	2nHL7kq6HJXcGDKKeu004X	Sipho Ngubane	Red Hill - Soulful Mix
genre:house	4stGzZgQeTovGA1FvQo5jf	Future Sound Of Ibiza	Chillout Dance
genre:house	4o9Yk6grbwjma7zSsz8tzi	Yuksek	Last of Our Kinds
genre:house	2aQmipR6hK8P4JpFLcBMEc	Selace	So Hooked On Your Lovin - Gorgon City Extended Remix (Mixed)
genre:house	2w52lIfDAsY6FgqJGLD997	Tiësto	10:35
genre:house	4nRwDr6ZNcS7yN0zd00u3b	tomics	Awake
genre:house	4x6H6czrQw8uCLOJJgb82B	Basto	Light It Up
genre:house	33fbtmExRuIx6QpwuPcyDE	Pablo Bolivar	Into The Televerse
genre:house	4Zjkd36ogGlFWZQ9dF4Lrz	Armin van Buuren	Turn It Up (Mixed)
genre:house	5BbxkwqWAtFULb6NoYeZql	Ambiente	Respirations du soir
genre:house	61ANVXKajwPzB2aKeKEWIP	Autograf	Revolves Around You
genre:house	7lrNkJrlfGvJ2n6uoVdgWj	OOFT!	Father Father - Original Mix
genre:house	1n6SssIqKeGXbTTaoXLmIq	Kill The Noise	Drive
genre:house	1hY7vXkwQXsz56KR7eApPl	Jai Alexander & Sarah	Ibiza Party - Jai Alexander Remix
genre:house	5d64RYtUBtUMPSH3zyiDmn	Jesse Maas	Voyage
genre:house	5tjZ6N4sx3kBn6sMxMLNHt	Grum	Lose Control (ABGT355)
genre:house	27ahr3GzvB5Qy5O4xwPTbd	Chill Out	Dashing
genre:house	6khPlcaGQKX5iK9oV2oPRe	Robert Nickson	Godless (Mix Cut) - Protoculture Remix
genre:house	6D12YCcbjYJIDYU3kixJTE	MVDNES	REQUIEM
genre:house	5KIhwy4QwVoyAAE77QG5oD	Enrico Mantini	The House Keeper
genre:house	2FWAqHDVwtldyMwv2HnRnn	Dillon Nathaniel	Can't Miss
genre:house	57c13rO173CccOYo20kiGI	Above & Beyond	Screwdriver (ABGT493) - Jono Grant’s Summer Of ’95 Mix
genre:house	6YWP1DAxQfbKhWiWfq1awL	Sascha Braemer	Goiya
genre:house	3ym3UdUKkjrsFpfA03d2Jr	Major Lazer	Run Up (Big Fish Remix)
genre:house	0vwwo3YI7hWqeLyyRiLNLu	Armin van Buuren	A State Of Trance (ASOT 1100) - Shout Outs, Pt. 43
genre:house	4K0m6DiTEFErh4fV6GQOTg	Silent Servant	Self-Hypnosis
genre:house	641BWKEJwlUGP45f8pSbQY	Ben Gold	All Or Nothing (EFL110)
genre:house	1Ygqxjlej8rgNxxSK9Xolk	Blende	Do You Remember?
genre:house	6y063ZUuGJs2rRLyAZ3Swx	Armin van Buuren	A State Of Trance (ASOT 787) - 'Kyau & Albert - 20 Years' coming spring 2017
genre:house	5HKZ9onh9sWcTJd0s9OEYF	Piero Pirupa	Sunday Morning - Skream Remix
genre:house	5wWQEyw9FRE8qzrcBVC5od	AALLAR	So Indecisive
genre:house	13QHrCDeao91MosKOAqQCq	Wade	Into The Light - Original Mix
genre:house	16WulAQCJiM7GISjqpYOx0	Tiësto	Nyana
genre:house	5YLPDQSwHpHXl7JpjmuttT	Al Storm	Shadows - DJ Seduction Remix
genre:house	4eshaXz1JaMAAOvnNW4MAH	Sensi Affect	Genesis
genre:house	4r4JS5MTuFa0lLrlUukGfg	JVST SAY YES	Voices
genre:house	6RGpAGvoSIi5L1UmC0uZ8R	Psychemagik	Mink & Shoes - Lokier Remix
genre:house	2Fodj8k3bx3QCqRfpEh2n5	Sueño Latino	Creation Factor
genre:house	6HpNIZKYEKccaLdAotIWWk	Jaytech	Odyssey
genre:house	2brVVIhpY4HrXrIy3VaOWs	Ronski Speed	Soulseeker (Stoneface & Terminal Radio)
genre:house	0nATklqglzPuSw8G6U5je2	Adrian Lux	Strawberry - Radio Edit
genre:house	7pHqVbKc9EscOh10u2t4YH	Edmund	Gimme What You Got
genre:house	4z7MeY0Jx0SEG0vKLZXs1i	Nandu	Helpless
genre:house	4AdVyD0HXJTp5XrMRhPhXh	Dave Pad	Rotary Body - Dilby Remix
genre:house	48IzXP3DO4XW3fOODZ4TLE	Chymamusique	Now & Then - Soulfreakah Remix
genre:house	3WTc3Hxtkdtg0b0IJfHbVP	Rodi Style	Listen - Radio Edit
genre:house	3ku1NY0bqWYO5GrFEVJRUX	Rishi K.	New Leaf - Allende Remix
genre:house	1mggXwp26qj1Vuw6Q6C0AE	Chopstick & Johnjon	Sun Rises In The East - Sasse Piano Dub
genre:house	0VcXNPkpaDejUbBoVtjVA0	Aizzy Beatz	Avó Maria
genre:house	55HXrOqSPgyIqweognhPoG	Mark Knight	Toolroom Radio EP613 - Outro - TR613
genre:house	6i4zLLTH1HZurmyoIuQps8	Volkan Uca	Fall in Love - Radio Mix
genre:house	1sMtGMR8fRhHNXopQRtN4E	Kaz James	Kids
genre:house	0zYffuPIl0twKCwqIStYR1	Embody	Backseat
genre:house	1saPh3jjNPqHKkHc5S1DDU	Prok & Fitch	The Heat (feat. Max'C)
genre:house	64Za15Cs9057Gl2z2PgvMM	Axero	Nobody
genre:house	0bPkxX4Wzb6gEOONGNFXwR	Kyle Watson	Mind Your Business - Extended Mix
genre:house	33RKGVnB3zWdvHwTpq4ApA	Moon Boots	Keep The Faith
genre:house	2kZyeIf2AcbJiPOb9xyz9P	Richard Durand	Not Afraid (ASOT 1095)
genre:house	7Jtp1E1Rk8kpVAGIlg7lsx	Cele	Riders
genre:house	3SzEW5cVh89pJaRpjYgtPB	Tebra	The Call - DSF Remix
genre:house	1CTWEPDZh34ekQMxLd5VEa	Innellea	The Things We've Accomplished Together
genre:house	3n45WHFyqvhoxETCCIuImk	Cajal	Anxiety
genre:house	11s9CKx3aRYESRKGOLqDrk	Dannic	Red Hot
genre:house	78TZqEbMaZPIEEKZuDBUSU	Pierre Leck	Hold On To You
genre:house	2RDbZa4WYM2op2fVjnlaxl	Anthony Mea	Hi Sally
genre:house	4uUn79hF12KFLRRDwSsGxT	Alfonso Muchacho	Sure
genre:house	3oh6nXRQPPk8dkB7G6W3fY	John O'Callaghan	Big Sky - Asteroid & Paul Skelton Remix
genre:house	5cwSAOLUyIru7joz1ASPwS	CHVRN	Hope
genre:house	2NbQT04q7BEGbKImQWMck7	Disco Dandies	In the Moment
genre:house	1KS7jgAi7EIyLNyeL2vgxV	Fatum	Backdraft
genre:house	6US0qxV4XnW02AXFZi1ABI	Juju & Jordash	Eventide
genre:house	5h0RMubirplo9RpK7Z8PPD	Space Motion	Requiem for a Dream - Mixed
genre:house	4bRdsRYDnEchUcCd84E4p2	LIZOT	Hide Another You (feat. Filip Martin) - Sonny Bass Remix
genre:house	7v0J6WAafwRqe4TqFWa1BF	Giuseppe Ottaviani	8K (ASOT 900 - Part 3)
genre:house	3a9NjLm4DIk62UEgBsuDt1	Genix	Run - Mixed
genre:house	0LAL6GuokjYh1omk52bMbv	Phazed Groove	It Must Be Luv - Original Mix
genre:house	0wBxrnsvwTnx2UrT3fqkPx	Harry Romero	Blazing (ANR178)
genre:house	3pWyVQAL7c4S4Ync6GOKPX	Mesto	Don't Worry (feat. Aloe Blacc)
genre:house	24MQsJDMcR0kx7dvr9xMVC	Julian Jordan	Thunder
genre:house	2dyBD3kQuA9fg5Ky5gNWaB	Audiofly	Asteroid
genre:house	4zxpdy8jBQFtr4nrrM6yvo	Klur	With You (Tritonia 422) - Faodail Remix
genre:house	19eB2WA6vZDEqBTiSCgC8L	Deep Dish	Wear The Hat
genre:house	1fn6T7FKE5Hu1V9rgYWXmv	Willow	Phoebe
genre:house	3PL7dzoJUJ3uylrWMVyAbQ	Kydus	Deliverance
genre:house	0o5q7ikW6WnDB667lWZ813	Larissa Lahw	Stars (feat. The Volume) - Original Mix
genre:house	6LToeENBl4utjEmN3xkrA4	KingDonna	Saba Mthakathi
genre:house	3xVcSrSTEB8HcUG7tDFryq	Disco Dice	Heat - Michael C. & Namtrack Radio Edit
genre:house	51pPbmpYydEzUkO8gCUydm	Marc DePulse	Long Story Short - Ten Walls Remix
genre:house	7uyCGMETiuUICQUHGLcxIE	Armin van Buuren	Divino
genre:house	5PnPlvSvWp55iltSISJtiG	Florian Picasso	The Tide - Mix Cut
genre:house	11hkCaGCiPfThvS9tj1MA7	BAD NINJA	Good Love
genre:house	4BSmzc5ObukrXjzCVNTsr5	Filta Freqz	Fab Five
genre:house	5HRYbJBHnLdWpJcj17m1cl	Tritonal	Tritonia (Tritonia 326) - Coming Up, Pt. 1
genre:house	3ocF5FrlJ3vmVY5KTPEXLz	Bryan Softwell	Liberty
genre:house	5YsRZR8EVsFFb5pwcuslzS	Lustral	Everytime (ABGT373) - Sultan + Shepard Remix
genre:house	5lvN2aHgV22LcDemp8df43	SØLVE	salt - remastered
genre:house	4YNZrIafFZYXt0bRO5wd0s	Skua	Nine Days
genre:house	0nDmgXhmsviMVvC2JhuRVL	Jope	Onsra (WYM382)
genre:house	6rQc4DiFMuDhMqcmiOTpHk	Richie Santana	Relentless
genre:house	7nFePPBrSLrFI7IKQ0UqaJ	Octo Octa	I Need You
genre:house	1HlJE8YIzKofTUrlJuyyNP	HAFT	Rickshaw
genre:house	1yvSEAzlge3j5qLaglvb7Y	Monika Kruse	Namaste - Ramon Tapia Patched Remix
genre:house	16zc6xannUXovvBBavF2FD	Lounge Café	Late Anthem
genre:house	11HKP4DbKIIG8774EzqQiZ	Kaskade	Fire In Your New Shoes - Angger Dimas Remix
genre:house	0LLHRNYpCNPU4KjqHZ038r	Pretty Pink	Car Jacksonville - Crazibiza Remix
genre:house	0juqiruwQyrhnap7MX9XCr	Mark Knight	Toolroom Radio EP497 - In At The Deep End - TR497
genre:house	7snodwshNhmrGAHyCiNZzz	Para One	Always
genre:house	22SVZhVueWolx9hZ7pYFPi	Kaskade	Holy Night (feat. Erika Sirola)
genre:house	5gPef0BpRtL00ja3DK0frk	Andre Salmon	Falling In Love - Fall 1
genre:house	1EYccETtqK8Qdn9NF1K94A	Ante Perry	Villa verde - Boss Axis Remix
genre:house	1WaSTFvEMkjzSPKrZBCWSK	Luka	Dance On A DJ - Rub Dub Beats
genre:house	72M3KqgI7wlRfe8K8ozIWf	Above & Beyond	Group Therapy (Messages Pt. 6) [ABGT487]
genre:house	1KzGeosSDuji40TeFTvsev	Larry Heard	Saga of the Evil Queen
genre:house	2M4mB5ZgZwYDlRpQ5F6APM	Marshall Jefferson	The House Music Anthem (House Your Body)
genre:house	5E0oBu0iXdl1dtx7qwc4Z3	Hybrid	Be Here Now - Original Version
genre:house	7DspogxyBwmflClxWeglMZ	Brian Cid	Division
genre:house	6TNK2hdes4T5fL9F2oVKez	Wild & Kins	Air Race
genre:house	6BFIPDMEESRcVVNck0cv76	Muzzaik	Noise
genre:house	2J0Ni6zY9HMGIXTaTz1OCL	FeR BR	I Believe - PHNTM Remix
genre:house	2zWZMXSekeXESOunCcq4ZT	J.B. Boogie	Sexy Body
genre:house	3IqrsdjSVZe9M7zPWzkd0m	Jordan Rivera	Keep On Holding - Mitch Major Remix
genre:house	4wp7O5ld0EoNnbH2LBSB4N	The Man Behind C.	Marzipan Ladder - Jazzy Fingers Cut
genre:house	6HmGGoDJzQUkRggnTRU3rs	Curve Pusher	Tarpon Point - Mix Cut
genre:house	4t7hvZNLAHha8akk8BT7YG	Stil & Bense	Together - Radio-Edit
genre:house	45OAmglMcJf7PpDcZnnsJQ	Tomy Wahl	Chord & Glitch
genre:house	5eFUN2UpUuRKtPTeMx9NoJ	Earth Trax	Sax Track
genre:house	23ED5sxevJ9O2SFxDvqAzG	BT	Love, Peace and Grease - BT's Puma Fila Mix
genre:house	0dTWmutzUNtDaINdMSP4xm	Moshic	True Freedom
genre:house	3TZ2vsHlUkBaeuJUnDbrXE	SNBRN	I Can't Remember
genre:house	1UOpNDv6JSx1fSRvLbwBRR	Blasterjaxx	Loud & Proud
genre:house	1kHDSfy8E47jiTZkEvE9Bb	The Deli	Craaazy
genre:house	44jGgtcD5ooWYHkdTORpqY	Albert Aponte	Ambrosia
genre:house	4o7uULjMf5x1fRvIGQjKxw	Dany Cohiba	Crystal Castles
genre:house	1w5vjp9xj1iEMLQbvDYBU8	Boris Dlugosch	Never Enough - Manuel Tur Dub
genre:house	0XCmQNrwRkrY84exCq9pkK	Matoma	Sunday Morning
genre:house	7gO3kTc97kU8DnWDcfqtFO	Dennis Sheperd	Every Word - Club Mix
genre:house	7Cx2vttAP9kHhLwtRWkFDx	Todd Terry	Symphony - Tee's D.I.T.C. Mix
genre:house	5ZOytZcYMe1yCVhSyd4H9a	Kathy Sledge	Another Star (Classic 12 Inch Mix)
genre:house	3eha44HCQH91KcHBFGp5ab	Armin van Buuren	A State Of Trance (ASOT 1023) - Coming Up, Pt. 2
genre:house	7oUETkQKqBinpHJpyU69uH	Nitrous Oxide	Cage Bird - Original Mix
genre:house	00P6BgpLVmxJFU4vPVFsl5	Marc Benjamin	Tuesday
genre:house	3vW7fKiF48jgimvrqSaqhb	Lawrence	Black Cats
genre:house	4X0B2MvYMn9k8gu7MvEXnR	CASHEW	Look At Me
genre:house	5SL2J25JUoQZHJVbR2biXm	Crystal Rock	Wasting Youth
genre:house	0KDqlGygJJRQlo5Jr253lB	Opolopo	Sunshine - Vocal Mix Edit
genre:house	2pir5BXMeN4pvFvsrDN8v7	Matan Caspi	Simply Beautiful (feat. Marcus Pearson) - Thami Ngcoza Afrotech Mix
genre:house	2XN7rUexNe75qEP2rgVDQP	Following Light	Seaweed - Original Mix
genre:house	2uE4I8h6SGVKCDG1JgivcV	GruuvElement's	Diosa - Extended MIx
genre:house	6fyJ01R80UxxIOrCfO18Rl	Richard Durand	L.A. ROCK - Radio Edit
genre:house	3nF9ZoWrlg8kZa8ESlhkxF	DJ Mbuso	I Knew I Was a Superstar (feat. Jamela)
genre:house	5Fvvw9zqcWzEADMNU60ZtT	MELON	Don't Stop The Music - Sped Up Nightcore
genre:house	7IILjzHvSkcYcZuA2uIhXU	Tekniq	Amadlozi
genre:house	6o0P6BZi6OwCA3vxbJwoso	DJ.Silence	Booty Dance
genre:house	5bzngGH26qUQG4uehYWMsV	Mr. Chillout	Eos
genre:house	1EKzNReJMCQWdf1cdN0GE9	Thomas Nellson	Waves of Lofoten - Original Mix
genre:house	1TVNqiCbsdRxstIQI9BEZT	Ibiza Lounge	Dynamic Gaining
genre:house	0uZqZcQwK4N36vVM47NFoW	Alex Agore	It's Not Important
genre:house	5ytb7dKVNgR4ub284xe6Au	Kym Sims	Move Your Feet - Samson Lewis House Vocal Remix
genre:house	52XntrBARayodEucDNt8JF	Till Von Sein	Non Existent Love
genre:house	7xbSApAboahiENuH3SEk1J	Bounce Enforcerz	My House - Handyman Remix
genre:house	6bKk5fZZuOg3cASEunzPMl	Ibiza Lounge Club	Sonic Moon
genre:house	3C3wms7AE9HzC1Mp68ylMx	Harvard Bass	Pimps
genre:house	2k4FKvQJld9RnvhFGpFfRm	BK	Beat Drop - Original Mix
genre:house	5elGCJ2Bbg3ll32HudqwLK	Giuseppe Ottaviani	I Believe
genre:house	225G8qXkDywPO0pvO0yOuM	Leila K	Ca Plane Pour Moi - Felix Remix
genre:house	3YbP72QnNp5G3QbZvYlC7J	Thomas Schwartz	Cages
genre:house	6GOxbkbhIyVSOrHchBNnmM	The Thrillseekers	Synaesthesia (Fly Away)
genre:house	0rmkM0UgJDUEuG8iSDnNrs	Vincent Casanova	Ripe
genre:house	13hXaezGmg7TGk0mKm2O5c	Masomenos	El Toucan
genre:house	0MKXNs9mrMNmMIiBVtPYED	Soundprank	Rhombot [ABGT190]
genre:house	471JP7JvQRiXCiVY4H1NiQ	Marcus Worgull	Flying Hi
genre:house	36WyxIPMZ9V26cdej8b5B7	iio	Is It Love? (feat.Nadia Ali) - Martin Accorsi Vocal Remix
genre:house	40KwNB5v30HJ4GN5gSeeQd	Cedric Gervais	Back Again - Extended Mix
genre:house	06Tdc7JvCRX6spSWwz6IUv	Nōpi	Libido - Original Mix
genre:house	02yuMh2SqGYNFmTnRLr4Eg	Climbers	Smoking Fire - Original Mix
genre:house	1xBAPbEWgVBGcrDaxddpIQ	Kermesse	Babylon
genre:house	2z3tGW5sV5Bk0bOx06jYTt	Zookëper	Watch Me - Mixed
genre:house	1G6bHiLXmODMYMFNjJT1zX	Modd	Manchyn
genre:house	0eN58oc8l5bBLeo1lqqkFB	Frank & Tony	Serenade
genre:house	7uqVPhztR7Ib0pcuoMtwK1	Enrico Bsj Ferrari	What's Going On?
genre:house	5lrogNPMWLlBZNQJqtvV7w	Oscar Aguilera	Buccina
genre:house	3lHk1jNTWZPnpBPVkiAwQO	The Thrillseekers	In These Arms - The Thrillseekers pres. Hydra Remix
genre:house	5Xqxid9XNgPDdR1fn7kn2b	Audio Jacker	Come On & Get It - Discotron Dub
genre:house	7IILjzHvSkcYcZuA2uIhXU	Tekniq	Amadlozi
genre:house	6o0P6BZi6OwCA3vxbJwoso	DJ.Silence	Booty Dance
genre:house	5bzngGH26qUQG4uehYWMsV	Mr. Chillout	Eos
genre:house	1EKzNReJMCQWdf1cdN0GE9	Thomas Nellson	Waves of Lofoten - Original Mix
genre:house	7wMMv9AmGtOuyJ9SgUWFxn	DJ Goja	Skyfall
genre:house	0IcaRgnjhAc2hY1CtPbmwr	Piero Pirupa	Party
genre:house	7ClH5CXoqFiEHOwVjjPBQl	Armin van Buuren	A State Of Trance (ASOT 721) - Announcements
genre:house	2Xd3CgYEEpei9x26WtW9me	Urulu	Drowning
genre:house	4r2hQ8JhGPorgGoiz7S3W1	Café Chillout Music Club	Perception (Soul and Spirit)
genre:house	5dGz1t5SlUHNN8YAWNCT67	Roger Shah	Dance With Me - Extended Mix
genre:house	1epgE0cVbWfLhSswRQPIKL	Glenn Astro	Do My Thing
genre:house	3RRcGgHD04eJA15kclJsu9	Three Drives On A Vinyl	Greece 2000 (Letting You Go) - Roger Shah Pumpin' Island Remix
genre:house	2xq6v15LF22jNqDkuZO8TD	dOP	Euphoria - Sylvan Paul Remix
genre:house	1TVNqiCbsdRxstIQI9BEZT	Ibiza Lounge	Dynamic Gaining
genre:house	0uZqZcQwK4N36vVM47NFoW	Alex Agore	It's Not Important
genre:house	5ytb7dKVNgR4ub284xe6Au	Kym Sims	Move Your Feet - Samson Lewis House Vocal Remix
genre:house	52XntrBARayodEucDNt8JF	Till Von Sein	Non Existent Love
genre:house	7xbSApAboahiENuH3SEk1J	Bounce Enforcerz	My House - Handyman Remix
genre:house	6bKk5fZZuOg3cASEunzPMl	Ibiza Lounge Club	Sonic Moon
genre:house	3C3wms7AE9HzC1Mp68ylMx	Harvard Bass	Pimps
genre:house	2k4FKvQJld9RnvhFGpFfRm	BK	Beat Drop - Original Mix
genre:house	5elGCJ2Bbg3ll32HudqwLK	Giuseppe Ottaviani	I Believe
genre:house	225G8qXkDywPO0pvO0yOuM	Leila K	Ca Plane Pour Moi - Felix Remix
genre:house	3YbP72QnNp5G3QbZvYlC7J	Thomas Schwartz	Cages
genre:house	6GOxbkbhIyVSOrHchBNnmM	The Thrillseekers	Synaesthesia (Fly Away)
genre:house	0rmkM0UgJDUEuG8iSDnNrs	Vincent Casanova	Ripe
genre:house	13hXaezGmg7TGk0mKm2O5c	Masomenos	El Toucan
genre:house	0MKXNs9mrMNmMIiBVtPYED	Soundprank	Rhombot [ABGT190]
genre:house	471JP7JvQRiXCiVY4H1NiQ	Marcus Worgull	Flying Hi
genre:house	36WyxIPMZ9V26cdej8b5B7	iio	Is It Love? (feat.Nadia Ali) - Martin Accorsi Vocal Remix
genre:house	40KwNB5v30HJ4GN5gSeeQd	Cedric Gervais	Back Again - Extended Mix
genre:house	06Tdc7JvCRX6spSWwz6IUv	Nōpi	Libido - Original Mix
genre:house	02yuMh2SqGYNFmTnRLr4Eg	Climbers	Smoking Fire - Original Mix
genre:house	1xBAPbEWgVBGcrDaxddpIQ	Kermesse	Babylon
genre:house	2z3tGW5sV5Bk0bOx06jYTt	Zookëper	Watch Me - Mixed
genre:house	1G6bHiLXmODMYMFNjJT1zX	Modd	Manchyn
genre:house	0eN58oc8l5bBLeo1lqqkFB	Frank & Tony	Serenade
genre:house	7uqVPhztR7Ib0pcuoMtwK1	Enrico Bsj Ferrari	What's Going On?
genre:house	5lrogNPMWLlBZNQJqtvV7w	Oscar Aguilera	Buccina
genre:house	3lHk1jNTWZPnpBPVkiAwQO	The Thrillseekers	In These Arms - The Thrillseekers pres. Hydra Remix
genre:house	5Xqxid9XNgPDdR1fn7kn2b	Audio Jacker	Come On & Get It - Discotron Dub
genre:house	7cqJCtoFCTpJ3r7AWJHQkZ	Mindset	5ive - Domestic Technology vs Invisible Sounds Remix
genre:house	2x4bZF75YInTBYqvtLOg0y	Hypaphonik	Rebound
genre:house	3Z6nVmM7WISBHNuwvmKxfT	Way Out West	Secret
genre:house	3R212hta257jdonqqANV67	Weird Sounding Dude	Summer Dive - Mixed
genre:house	6GYcXQsc9VfEvGow0h10M6	Ambiente	Slow Snooze
genre:house	3GlMu99Gf0RtK0PQwPRC0e	Jay Frog	Need You - BlackBonez Extended Remix
genre:house	3h1H46dDgcFf79I2yjwJiZ	Rapossa	Giraffe
genre:house	3wUZljq3PZHKIWlUi11SYI	Armin van Buuren	A State Of Trance [ASOT 048] - Intro
genre:house	27QwnSVOKZ8rJZ1MuIhRR3	Bar Lounge	Atmosphere for Jazz Music Clubs
genre:house	5QQGGVwMYjboNIEG3hKdue	Rootkit	Concrete Jungle
genre:house	36BdFneNP2kWCjENjE5ZAy	Ibiza Lounge	Dream
genre:house	1wcXi72YcDSkKjPjGU8RBN	Brazilian Lounge Project	Bossa Nova Musique Vol. 2
genre:house	3nJd9EERKlU2BWGHMfPYmS	Chris Cox	Beyond the Street
genre:house	24T9UuUy7u1qwhWneUz0qY	Ibiza Lounge Club	City Lights
genre:house	6U5DlD6SwAtpPApGdvTUk2	Apollo 84	That Place - Pablo Public Remix
genre:house	4xmp3INXD5qRyDpXotn93R	Dany Cohiba	Rastafari - Kingstom Version
genre:house	2nVYwsMmKmq2gbGxyhqKnu	Leo Janeiro	Joatinga
genre:house	0QinxThgwVhr9CB4KiShhE	Future Sound Of Ibiza	Oriental Deep House
genre:house	6zQmMQNjo0erLYlCyfIFNW	Norty Cotto	Mama Eh - Original
genre:house	5HyROfFFPk0b3WdSe5RmAU	Reelsoul	We Are One - Radio Edit
genre:house	5rpQnoV94UWuubMy8nMw9e	Sunnery James & Ryan Marciano	In My Mind (AIR248)
genre:house	4sfItXEPyigeIuV5E6pS8b	Malaa	Riot Gear
genre:house	3mPSpWMowboz8zL3IZKzuS	AFROJACK	Switch
genre:house	2X6mlzOTS8rGqSxvH10oYi	K.C.Y.C.	Side By Side (Instrumental)
genre:house	2L4ZluhHa41GybEqM03pc2	D.M.P	Different Music - Original Mix
genre:house	0T2yJiH5kdfxYtnvGFbIYe	Evren Ulusoy	Chords of Grace - Original Mix
genre:house	5FrQP5uc1FGZDrWlhjtEr9	Crowd Control	Pianorama
genre:house	2IkVWd3ZqbqfBFu47fd5ZK	Jonas Schmidt	Dreamland
genre:house	0SfnZwag6HEhmQrpx6gxxH	Robin S	So Alive - Code3000 Remix
genre:house	3Dj5WP5FF5Xqeoi4lx0k4F	Helly Larson	The Moment
genre:house	6PGb4opIUHOSSvp7xdQ2KA	The Godfathers Of Deep House SA	Vision - Nostalgic Mix
genre:house	0JOuSfOlHvSIwnUQeJjjPJ	Bar Lounge	Autumn Leaves Falling
genre:house	6NSc1MZ5l16MEWTjh8wyvS	Mikael Delta	For a Lifetime
genre:house	2mKuOtTVaYFmgG1BGZDjc7	Kyro	Chemicals
genre:house	1giai7vLowZacyWOo5IUJa	Birdy Nam Nam	(THE GOLDEN ERA OF) EL COBRA DISCOTECA
genre:house	3B6v0vsaWr2qvMf1lZUlcQ	Myon	Summer of Love - Inpetto Remix
genre:house	3m7AExCQYQFmGVjDH8SSrw	Tullio	London Underground
genre:house	3pZHMXuq6cRTqqUNk2GTTH	Koos	GRIME
genre:house	6uXo3Zp2Oimi8HBTVfdZHa	Frankie Knuckles	I'll Take You There - Dimitri From Paris Re-Edit
genre:house	3n8m90mRiUqcgC95twxvfi	Armin van Buuren	A State Of Trance (ASOT 944) - Tune Of The Year, Pt. 4
genre:house	4mTRK41z8HdOAAIlKA1rR5	Eelke Kleijn	Naked Is Not Ok
genre:house	6tp3L65nhCxOdbaAMlALeS	Arctic Moon	On Silver Wings - Original Mix
genre:house	4bf3E3miS5JRbv3uIFqiwO	Tiësto	Flight 643
genre:house	3vrxFmyZjuADJyuZqCZg74	Luxury Grooves	Happy Summertime
genre:house	6jDm9k1VAB09qX9y00V5Va	ONEIL	Tonight Baby
genre:house	5GTkyxweAHVbphDZc1xk2e	Felipe Avelar	Alright Now - Original Mix
genre:house	4fWgsax41Ctet82vlRug1A	Lenny Fontana	Time to Get Down - Club Drum Dub Mix
genre:house	3wXzT5Xrxr6qI0xhiBOq0l	Jon BW	Groove Whore
genre:house	2bTc0JDkPUUHA5tyjfHKj8	Kenny Bobien	When (ft kenny bobien) - Karizma Dub
genre:house	2UGhF4WEg4LNvuOmYneHzf	Sound Quelle	Filenta - Extended Mix
genre:house	7qUB9ktbPRVtc5kS654qsZ	Dj Steaw	Escape - Original Mix
genre:house	5jk4L5BMzzlw3lAvfZzwID	Rancido	Forever III
genre:house	0pxdcMjiRL73e7NPEB5qig	Klubfiller	R.A.W - Mix Cut
genre:house	3CWVTE6qiDNWMd9XABt0HM	The Chillout Players	Ibiza Beach
genre:house	2Nb4Uc4YB7Tq8eMHZH3A69	Neil Pierce	I Got Me - Alternative Mix Radio Edit
genre:house	01s9faleC0omVs2oEFzCyp	Hardwell	Call Me A Spaceman - Dr Phunk Remix
genre:house	1IzXHolPsNhaBowpHj0omg	Example	Blood From a Stone
genre:house	1NKM2vSt2xqsVLoLr30XqC	Gabry Ponte	One by One
genre:house	1IqUAaUGLvLOMDxPoz3Lrw	Matan Caspi	Raid The Bar - Mindgamers Remix
genre:house	0BGmkBDx0Kvss8HepdmJ6a	Dj Csemak	Nasty Boy - David Kinnard Remix
genre:house	0axYODpke6CmQPBiZJM5t1	Matt Fax	Barr - André Sobota Remix
genre:house	3JpuLerhiIBd9ukJdJcdgL	Klamboo	Eu Vou Te Esperar
genre:house	7Dlbd2SeMkSlCLYzorAWJR	Ambiente	Counting Sheep
genre:house	0XLcsoZvDQRtQSrCmY47wI	LANNÉ	One In A Million - Festival Edit
genre:house	5kfwEfvfxIX0iqov5SrQPu	Craig Connelly	Keep Me Believing - Tim Lange Remix
genre:house	6Ojxoq2qbjgBsN10cJtTCi	Jettan	Follow the Sun
genre:house	33rxyCvSgvcipAOpVayaaU	Ilias Katelanos	That Jazz Thing - Ocean Gaya Remix
genre:house	7JPZYBDynF6KlqJyLfTI3K	Calvin Harris	Acceptable in the 80's
genre:house	2En3lHsSjtfCIln4rhwLjf	Sébastien Tellier	Cake News
genre:house	4DPa5JTJWMswnoSU3sE7Ox	Chill Out	Mystery Classical
genre:house	1Ws0ZEyS00euAlItp5PFXf	Lee Burton	1420Hz
genre:house	1kmzizRze1yCfBckyYf6Q8	Phil The Beat	All Night Long
genre:house	2pQKxB290XYAqySST2k1rX	Monojoke	Falling Skies
genre:house	4njxAwiHMKyNXHGe4oyIy9	Evelyn Thomas	Running Wild in the Night
genre:house	1jdYltY9sa0xQjo0I8daK4	Bar Lounge	Aurora
genre:house	6UjgBBfz1bYwhW6Qplaylz	Bar Lounge	Nightingale Flight
genre:house	2tIknKvEuV4vuAk8S7RpLs	Alex Celler	Nightshift - Original
genre:house	2ucHFnkG2P9uGDt05EO2CK	Cream (PL)	Atoms - Cream & Deep Fog Remix
genre:house	4QBrzKleG5OWKs7xBjZAd3	Ritualz	Revelation 666
genre:house	7vEqlhpbcXDNZ4M09gRazL	JTC	Goom
genre:house	0UPDU3Xii3yJEEkRZx5P2V	Popof	Alcoolic - Emery Warman Remix
genre:house	5I7UvpfAhy2xGNsuX6IY58	Rhythm Staircase	Synthetic - Nino Bellemo Remix
genre:house	5rALG3uffPJW7cOx7RcVMa	Jordin Post	Just Hold On
genre:house	6NBbTtXQnFtE42im0sxKvy	Adam Dixon	Flight - Mix Cut
genre:house	7kB4THlF6iZ9ilnLB552s2	Ibiza Lounge Club	Bar sulla spiaggia
genre:house	1zRDxiy9gkikAgyrTSGEls	Crystal Waters	2B Luv - Todd Terry Instrumental
genre:house	4DfU2sCLP0vxa0IngBXict	Carlos A	Moany
genre:house	1Cbn204JSgklM8MQio2HF4	Redondo	Love Like You (feat. SHELLS)
genre:house	6rbxHEhJVMTgfZDIoc806W	Benny Royal	I Like Diz - Benny Royal & Forb Remix
genre:house	0wkwd3BYi2oPUGkl3DaZse	Danito & Athina	Comet
genre:house	4VvwwQ9Zk3nVwGuDmoVgae	Barbara Tucker	You Want Me back - Paolo Madzone Zampetti 2015 Vibe Rmx
genre:house	2yMkt73jIIObdMXBdju0S0	Beat Service	Spark - Album Mix
genre:house	6rR7W1iIeg9JYjmysvBJR0	Andrew Bayer	Magitek (ASOT 950 - Part 3)
genre:house	6xM9usR6115fB2NFZMgKFt	Kaylow	Cry 4 Love
genre:house	1ALAtvVQcvDLXv9nzEeSiY	Lexer	Awan - Original Mix
genre:house	1smTbBgOEx46pwacygJ2En	Chris Montana	Porto Hustle - Vinylsurfer Remix
genre:house	3C89PiM6gMH4KaDY4sJZ4Q	Kyven	Shine
genre:house	06hDypS7rKZf7LEiR7wVhX	Armin van Buuren	A State of Trance (ASOT 1151) - Outro
genre:house	3bFaFlDIBRcsh7NFY0Gqg1	Audax	No Turning Back - Robbie Rivera Extended Remix
genre:house	6F2K9ZgnfJh9lmAeamrOZn	Mathias Kaden	Ikenga - DeWalta's Distance Remix
genre:house	3CQx5rwVqRRE1jgo8ecJuX	Bar Lounge	Chillout - Ambiance for Paradise Cafés
genre:house	3TLUjAlqVhyzQWQaSyIN14	Ibiza Lounge Club	Bossa Chillout del Mar
genre:house	2Zyf3z8G2rIIKKTqfCMSlU	Håkan Lidbo	Cuba Libre
genre:house	698JPkL9miuMtKjLfjiC7P	Crookers	Innocent (feat. Baxter) - More Than A Dub
genre:house	59gxVInWEnShtkIrNGUhaE	Showtek	BT1
genre:house	2GIy6vTCC8Xz0Wc5yiHLRi	Ultra Naté	Found a Cure (Full Intention Radio Edit)
genre:house	7DW5Em5eY25FPWwqy2zJbo	Oliver Koletzki	Arrow And Bow - Channel X Dub-Mix
genre:house	75Xzj2ynb0qqKka0SpQmJx	Ken@Work	Rapturous - Soulful House Mix
genre:house	6Wt44XEvfOkRrb2bWnc6bw	CRW	After The Rain - Alternative Mix
genre:house	1ESQ1p5EnLsh8AAv1Ez9ER	Tcb	Impulse - Sunset Strip Remix
genre:house	6gj3DVmVO3C0jG7EQlEG6y	Craig Connelly	You Are Alive (ASOT 1070)
genre:house	3bGLUMLffl9QIaa1fXdoSy	ATFC	Huh Huh Huh
genre:house	4BfA1GgZg2IZsQL4OShH1f	Darius & Finlay	Adagio for Strings - Ancalima vs. Greenhorn Remix
genre:house	5nEmadfxW9X1DgXvYlhKmr	Lifelike	Discopolis 2.0
genre:house	1QOheP3itjRAsqrgFcTy5W	Alande	Naema
genre:house	2Y0bWaw5NUMHGH2nLNJ4JW	Armin van Buuren	Embargo - Ben Gold Extended Remix
genre:house	4WTe6VQi3qweKr00ER0Aq1	Cristoph	In Name Only - Moonwalk Remix
genre:house	6uLFc5qirLjDZ7hmyTWbwQ	Jamie Jones	Should Have Gone Home
genre:house	7JaMXO5Rq3gV7cRbFG2TCx	Sueño Latino	LuxuriaExplicit - Michael Manteca 2014 Remix
genre:house	6Ux8Zw4CYscPjlXpSltDIj	Mark Knight	Toolroom Radio EP678 - In The Mix with Nathan Barato - TR678
genre:house	0QwKHFy3iaLI38y4jSJwfD	Jay Frog	Hey Baby! - DJ Wady Remix
genre:house	4VAGlQDPMP39w4YY0BbJCN	Ibiza Lounge	Highscore
genre:house	3XiXFzQJjsUFA7dRivmOA5	Zoo Brazil	There Is Hope - Beltek Remix
genre:house	1QlNbtSvqL9mos7wwbgeMJ	Nippandab	Feels - Original Club Mix
genre:house	6b10B33M602gw7EV7jUfAf	Dark by Design	Alone - DJ Husband Remix
genre:house	7hTEWeYym7F1m0vfx6ZB99	Azari & III	Extinction Event
genre:house	5fIDvF4R7UZ9efkoXbzF21	Matan Caspi	Messing with My Mind - Red Room Version
genre:house	6Xc7rpFxsIC3h00RqKdhpM	Denis Ago	LImiter
genre:house	5m89xVSvvQ1lh4iwE6kq4W	Fabricio Pecanha	Compass - Original Mix
genre:house	3TmNo197KOUHEfIEwHLY7K	DJ Wady	Funk Ya
genre:house	7JcHv52DrJKIPknPiul5ui	Distant People	That Time
genre:house	75BXUPkwi5WjAg8nOT2nZc	Kris Menace	LUV
genre:house	5HQBrg6otKqwYUQHjUf85A	Filterheadz	Yimanya [Mix Cut] - Original Mix
genre:house	0KQ9Xpk1G71Lbz3vXHECL1	Forteba	Bimetal
genre:house	2PB42oDKjYIXZjmCpcop2X	Agent Greg	Mueve Tu Cuerpo - Original Mix
genre:house	2ELe7nSgrB6hqzaiq8A3sj	Daxten	Radiation
genre:house	1NvSio2vlk7VrSD8QGArW6	Ambiente	Zen Connection
genre:house	13P6JZOWjslrUhDVe7h1Is	DJ Juanito	Crawling Loop
genre:house	0aZakrC7Q1M26Rot05U5J7	Kyka	If You Stay
genre:house	4zRAoyJvJRydt76SdOQ0zZ	Nikko.Z	Close to Nogoya - Original Mix
genre:house	2uih86ngYcuWvO7cmtxcKB	Lipe Forbes	Star Link - Extended Mix
genre:house	4UFiiKszDoHLy1hbDONz05	Jonathan Ulysses	What You Gonna Do? - Vocal Club Mix
genre:house	1sVDubYQMGs9TRbYcUEn0U	Greg Parker	No Roots
genre:house	28DyDWdtEsiC0JjAh0yFxL	Omeria	Choose a Gift
genre:house	1IEB0AVsanw31i5jJa2DsV	Jayline	Network - VIP Mix
genre:house	45lVkCIxxz7bYAyjPJ96bR	Hollywood Chill Out	Calm and Relaxed
genre:house	4eMeC1NMPfE5IzvOrRv2gs	StereoK	I Don't Want to Be An Astronaut - Tronso
genre:house	5uCxmxl1OIVQxg0Ng5VdUc	Simon Fava	Do You Love Me
genre:house	2Pjg8bZXL2EBwAaACXltjR	Armin van Buuren	A State of Trance (ASOT 1122) - Intro
genre:house	3C2PVL2GVEZ4cjZPZzJHvL	Luna City Express	The Soul of a Dj - Dario D'Attis Remix
genre:house	1UwbqgOvIqhotCimYfKmkz	Miyagi	Acapulco Gold - David Hasert & Dario Klein Remix
